## Redaxo Database Dump Version 5
## Prefix rex_
## charset utf-8

SET FOREIGN_KEY_CHECKS = 0;

DROP TABLE IF EXISTS `rex_action`;
CREATE TABLE `rex_action` (
  `id` int(10) unsigned NOT NULL AUTO_INCREMENT,
  `name` varchar(255) NOT NULL,
  `preview` text,
  `presave` text,
  `postsave` text,
  `previewmode` tinyint(4) DEFAULT NULL,
  `presavemode` tinyint(4) DEFAULT NULL,
  `postsavemode` tinyint(4) DEFAULT NULL,
  `createuser` varchar(255) NOT NULL,
  `createdate` datetime NOT NULL,
  `updateuser` varchar(255) NOT NULL,
  `updatedate` datetime NOT NULL,
  `revision` int(10) unsigned NOT NULL,
  PRIMARY KEY (`id`)
) ENGINE=InnoDB DEFAULT CHARSET=utf8;
DROP TABLE IF EXISTS `rex_article`;
CREATE TABLE `rex_article` (
  `pid` int(10) unsigned NOT NULL AUTO_INCREMENT,
  `id` int(10) unsigned NOT NULL,
  `parent_id` int(10) unsigned NOT NULL,
  `name` varchar(255) NOT NULL,
  `catname` varchar(255) NOT NULL,
  `catpriority` int(10) unsigned NOT NULL,
  `startarticle` tinyint(1) NOT NULL,
  `priority` int(10) unsigned NOT NULL,
  `path` varchar(255) NOT NULL,
  `status` tinyint(1) NOT NULL,
  `createdate` datetime NOT NULL,
  `updatedate` datetime NOT NULL,
  `template_id` int(10) unsigned NOT NULL,
  `clang_id` int(10) unsigned NOT NULL,
  `createuser` varchar(255) NOT NULL,
  `updateuser` varchar(255) NOT NULL,
  `revision` int(10) unsigned NOT NULL,
  `yrewrite_url` varchar(255) NOT NULL,
  `yrewrite_canonical_url` varchar(255) NOT NULL,
  `yrewrite_priority` varchar(5) NOT NULL,
  `yrewrite_changefreq` varchar(10) NOT NULL,
  `yrewrite_title` varchar(255) NOT NULL,
  `yrewrite_description` text NOT NULL,
  `yrewrite_index` tinyint(1) NOT NULL,
  PRIMARY KEY (`pid`),
  UNIQUE KEY `find_articles` (`id`,`clang_id`),
  KEY `id` (`id`),
  KEY `clang_id` (`clang_id`),
  KEY `parent_id` (`parent_id`)
) ENGINE=InnoDB AUTO_INCREMENT=16 DEFAULT CHARSET=utf8;

LOCK TABLES `rex_article` WRITE;
/*!40000 ALTER TABLE `rex_article` DISABLE KEYS */;
INSERT INTO `rex_article` VALUES 
  (1,1,0,'Inicio','Inicio',1,1,1,'|',1,'2018-05-23 23:45:43','2018-06-09 17:37:48',1,1,'admin','admin',0,'','','','','','',0),
  (2,2,1,'Nuestros Proveedores','Inicio',0,0,3,'|1|',0,'2018-06-01 22:59:51','2018-06-14 15:50:03',6,1,'admin','admin',0,'','','','','','',0),
  (3,3,0,'Materiales eléctricos','Materiales eléctricos',2,0,1,'|',1,'2018-06-02 15:54:51','2018-06-18 18:02:21',5,1,'admin','admin',0,'','','','','','',0),
  (4,4,0,'Cables eléctricos','Cables eléctricos',3,0,2,'|',1,'2018-06-02 15:54:51','2018-06-18 18:26:49',5,1,'admin','admin',0,'','','','','','',0),
  (5,5,0,'Automatización y control','Automatización y control',4,0,3,'|',1,'2018-06-02 15:54:52','2018-06-18 18:34:03',5,1,'admin','admin',0,'','','','','','',0),
  (6,6,0,'Luminarias e iluminación','Luminarias e iluminación',5,0,4,'|',1,'2018-06-02 15:54:53','2018-06-07 18:32:53',5,1,'admin','admin',0,'','','','','','',0),
  (7,7,0,'Cajas eléctricas','Cajas eléctricas',6,0,5,'|',1,'2018-06-02 15:54:53','2018-06-08 18:02:37',5,1,'admin','admin',0,'','','','','','',0),
  (8,8,0,'Otros productos','Otros productos',8,0,7,'|',1,'2018-06-02 15:54:54','2018-06-18 15:52:24',5,1,'admin','admin',0,'','','','','','',0),
  (9,9,1,'Slider Presentación','Inicio',0,0,2,'|1|',0,'2018-06-04 22:22:56','2018-06-14 15:50:04',6,1,'admin','admin',0,'','','','','','',0),
  (10,10,1,'Menú Vertical','Inicio',0,0,4,'|1|',0,'2018-06-05 21:11:41','2018-06-14 15:50:01',6,1,'admin','admin',0,'','','','','','',0),
  (11,11,0,'Nuestras marcas','Nuestras marcas',7,0,6,'|',1,'2018-06-05 21:34:40','2018-06-12 18:43:42',5,1,'admin','admin',0,'','','','','','',0),
  (13,12,1,'Contactos','Inicio',0,0,7,'|1|',1,'2018-06-06 23:47:03','2018-06-12 23:21:35',8,1,'admin','admin',0,'','','','','','',0),
  (14,13,1,'Nosotros','Inicio',0,0,6,'|1|',1,'2018-06-06 23:47:12','2018-06-12 23:21:04',5,1,'admin','admin',0,'','','','','','',0),
  (15,14,1,'Menú Footer','Inicio',0,0,5,'|1|',0,'2018-06-09 17:00:08','2018-06-14 15:49:58',6,1,'admin','admin',0,'','','','','','',0);
/*!40000 ALTER TABLE `rex_article` ENABLE KEYS */;
UNLOCK TABLES;

DROP TABLE IF EXISTS `rex_article_slice`;
CREATE TABLE `rex_article_slice` (
  `id` int(10) unsigned NOT NULL AUTO_INCREMENT,
  `clang_id` int(10) unsigned NOT NULL,
  `ctype_id` int(10) unsigned NOT NULL,
  `priority` int(10) unsigned NOT NULL,
  `value1` text,
  `value2` text,
  `value3` text,
  `value4` text,
  `value5` text,
  `value6` text,
  `value7` text,
  `value8` text,
  `value9` text,
  `value10` text,
  `value11` text,
  `value12` text,
  `value13` text,
  `value14` text,
  `value15` text,
  `value16` text,
  `value17` text,
  `value18` text,
  `value19` text,
  `value20` text,
  `media1` varchar(255) DEFAULT NULL,
  `media2` varchar(255) DEFAULT NULL,
  `media3` varchar(255) DEFAULT NULL,
  `media4` varchar(255) DEFAULT NULL,
  `media5` varchar(255) DEFAULT NULL,
  `media6` varchar(255) DEFAULT NULL,
  `media7` varchar(255) DEFAULT NULL,
  `media8` varchar(255) DEFAULT NULL,
  `media9` varchar(255) DEFAULT NULL,
  `media10` varchar(255) DEFAULT NULL,
  `medialist1` text,
  `medialist2` text,
  `medialist3` text,
  `medialist4` text,
  `medialist5` text,
  `medialist6` text,
  `medialist7` text,
  `medialist8` text,
  `medialist9` text,
  `medialist10` text,
  `link1` varchar(10) DEFAULT NULL,
  `link2` varchar(10) DEFAULT NULL,
  `link3` varchar(10) DEFAULT NULL,
  `link4` varchar(10) DEFAULT NULL,
  `link5` varchar(10) DEFAULT NULL,
  `link6` varchar(10) DEFAULT NULL,
  `link7` varchar(10) DEFAULT NULL,
  `link8` varchar(10) DEFAULT NULL,
  `link9` varchar(10) DEFAULT NULL,
  `link10` varchar(10) DEFAULT NULL,
  `linklist1` text,
  `linklist2` text,
  `linklist3` text,
  `linklist4` text,
  `linklist5` text,
  `linklist6` text,
  `linklist7` text,
  `linklist8` text,
  `linklist9` text,
  `linklist10` text,
  `article_id` int(10) unsigned NOT NULL,
  `module_id` int(10) unsigned NOT NULL,
  `createdate` datetime NOT NULL,
  `updatedate` datetime NOT NULL,
  `createuser` varchar(255) NOT NULL,
  `updateuser` varchar(255) NOT NULL,
  `revision` int(11) NOT NULL,
  PRIMARY KEY (`id`),
  KEY `slice_priority` (`article_id`,`priority`,`module_id`),
  KEY `clang_id` (`clang_id`),
  KEY `article_id` (`article_id`),
  KEY `find_slices` (`clang_id`,`article_id`)
) ENGINE=InnoDB AUTO_INCREMENT=186 DEFAULT CHARSET=utf8;

LOCK TABLES `rex_article_slice` WRITE;
/*!40000 ALTER TABLE `rex_article_slice` DISABLE KEYS */;
INSERT INTO `rex_article_slice` VALUES 
  (2,1,1,1,'http://www.sil.com.br/en/home.aspx','','','','','','','','','','','','','','','','','','','','sil.jpg','','','','','','','','','','','','','','','','','','','','','','','','','','','','','','','','','','','','','','','',2,2,'2018-06-01 23:15:20','2018-06-05 21:12:26','admin','admin',0),
  (3,1,1,2,'http://www.tramontina.com.pe/productos/categorias/1520-materiales-elctricos','','','','','','','','','','','','','','','','','','','','tramontina.gif','','','','','','','','','','','','','','','','','','','','','','','','','','','','','','','','','','','','','','','',2,2,'2018-06-01 23:16:35','2018-06-01 23:19:09','admin','admin',0),
  (5,1,1,3,'http://lalux.com.br/es/','','','','','','','','','','','','','','','','','','','','lalux.jpg','','','','','','','','','','','','','','','','','','','','','','','','','','','','','','','','','','','','','','','',2,2,'2018-06-01 23:20:20','2018-06-01 23:20:43','admin','admin',0),
  (6,1,1,4,'http://www.margirius.com.br/','','','','','','','','','','','','','','','','','','','','margirius.jpg','','','','','','','','','','','','','','','','','','','','','','','','','','','','','','','','','','','','','','','',2,2,'2018-06-01 23:23:21','2018-06-01 23:23:21','admin','admin',0),
  (7,1,1,5,'','','','','','','','','','','','','','','','','','','','','sicme-lighting.png','','','','','','','','','','','','','','','','','','','','','','','','','','','','','','','','','','','','','','','',2,2,'2018-06-01 23:24:03','2018-06-01 23:24:03','admin','admin',0),
  (8,1,1,6,'','','','','','','','','','','','','','','','','','','','','frontec.jpg','','','','','','','','','','','','','','','','','','','','','','','','','','','','','','','','','','','','','','','',2,2,'2018-06-01 23:26:03','2018-06-12 18:25:23','admin','admin',0),
  (9,1,1,7,'http://www.commax.com/spa/','','','','','','','','','','','','','','','','','','','','commax.png','','','','','','','','','','','','','','','','','','','','','','','','','','','','','','','','','','','','','','','',2,2,'2018-06-01 23:27:10','2018-06-01 23:27:57','admin','admin',0),
  (10,1,1,8,'http://www.eaton.com.bo/','','','','','','','','','','','','','','','','','','','','eaton.jpg','','','','','','','','','','','','','','','','','','','','','','','','','','','','','','','','','','','','','','','',2,2,'2018-06-01 23:28:17','2018-06-01 23:29:43','admin','admin',0),
  (14,1,1,1,'Bienvenido a nuestro Sitio Web - SICME ELECTRIK','','','','','','','','','','','','','','','','','','','','','','','','','','','','','','','','','','','','','','','','','','','','','','','','','','','','','','','','','','','',1,4,'2018-06-04 23:23:31','2018-06-04 23:23:31','admin','admin',0),
  (15,1,1,1,'','','','','','','','','','','','','','','','','','','','','commax_1.png','sil_fios_y_cabos_electricos.png','eaton.png','sicme-lighting_1.png','materiales_electricos.png','sil_fios_y_cabos_electricos.png','','','','','','','','','','','','','','','','','','','','','','','','','','','','','','','','','','',9,1,'2018-06-05 17:34:35','2018-06-12 22:01:00','admin','admin-sicme',0),
  (16,1,1,1,'','','','','','','','','','','','','','','','','','','','','','','','','','','','','','','','','','','','','','','','','','','','','','','','','','','3,4,5,6,7,11,8','','','','','','','','','',10,5,'2018-06-05 21:25:25','2018-06-05 21:34:53','admin','admin',0),
  (17,1,1,1,'<p>Plaquetería domiciliaria modular de alta calidad y perfeccionamiento, proyectada para atender los más elevados padrones de exigencia de los consumidores del nuevo milenio.</p>','','','','','','','','','','','','','','','','','','','','','','','','','','','','','','','','','','','','','','','','','','','','','','','','','','','','','','','','','','','',3,3,'2018-06-05 23:10:24','2018-06-14 22:27:22','admin','admin-sicme',0),
  (21,1,1,2,'Placas domiciliarias modulares','','','','','','','','','','','','','','','','','','','','','','','','','','','','','','','','','','','','','','','','','','','','','','','','','','','','','','','','','','','',3,8,'2018-06-06 18:47:21','2018-06-14 22:27:58','admin','admin-sicme',0),
  (23,1,1,5,'Interruptores intermediarios','','','','','','','','','','','','','','','','','','','','','','','','','','','','','','','','','','','','','','','','','','','','','','','','','','','','','','','','','','','',3,8,'2018-06-06 18:47:58','2018-06-06 18:47:58','admin','admin',0),
  (24,1,1,8,'Tomacorrientes universales','','','','','','','','','','','','','','','','','','','','','','','','','','','','','','','','','','','','','','','','','','','','','','','','','','','','','','','','','','','',3,8,'2018-06-06 18:48:17','2018-06-06 18:48:17','admin','admin',0),
  (25,1,1,11,'Tomacorrientes Schucko','','','','','','','','','','','','','','','','','','','','','','','','','','','','','','','','','','','','','','','','','','','','','','','','','','','','','','','','','','','',3,8,'2018-06-06 18:48:30','2018-06-06 18:48:30','admin','admin',0),
  (26,1,1,14,'Tomacorriente aéreo','','','','','','','','','','','','','','','','','','','','','','','','','','','','','','','','','','','','','','','','','','','','','','','','','','','','','','','','','','','',3,8,'2018-06-06 18:48:43','2018-06-06 18:48:43','admin','admin',0),
  (27,1,1,15,'Adaptador triple','','','','','','','','','','','','','','','','','','','','','','','','','','','','','','','','','','','','','','','','','','','','','','','','','','','','','','','','','','','',3,8,'2018-06-06 18:49:03','2018-06-06 18:49:03','admin','admin',0),
  (28,1,1,16,'Tomas de teléfono','','','','','','','','','','','','','','','','','','','','','','','','','','','','','','','','','','','','','','','','','','','','','','','','','','','','','','','','','','','',3,8,'2018-06-06 18:55:12','2018-06-06 18:55:12','admin','admin',0),
  (29,1,1,18,'Tomas para Tv Coaxial','','','','','','','','','','','','','','','','','','','','','','','','','','','','','','','','','','','','','','','','','','','','','','','','','','','','','','','','','','','',3,8,'2018-06-06 18:55:27','2018-06-06 18:55:27','admin','admin',0),
  (30,1,1,20,'Pulsadores y Zumbadores','','','','','','','','','','','','','','','','','','','','','','','','','','','','','','','','','','','','','','','','','','','','','','','','','','','','','','','','','','','',3,8,'2018-06-06 18:55:56','2018-06-06 18:55:56','admin','admin',0),
  (31,1,1,23,'Placas de piso de alto tráfico','','','','','','','','','','','','','','','','','','','','','','','','','','','','','','','','','','','','','','','','','','','','','','','','','','','','','','','','','','','',3,8,'2018-06-06 18:56:12','2018-06-06 18:56:12','admin','admin',0),
  (32,1,1,27,'Cajas de distribución de piso alto tráfico','','','','','','','','','','','','','','','','','','','','','','','','','','','','','','','','','','','','','','','','','','','','','','','','','','','','','','','','','','','',3,8,'2018-06-06 18:56:23','2018-06-06 18:56:23','admin','admin',0),
  (33,1,1,31,'Cajas de empotrar','','','','','','','','','','','','','','','','','','','','','','','','','','','','','','','','','','','','','','','','','','','','','','','','','','','','','','','','','','','',3,8,'2018-06-06 18:56:33','2018-06-06 18:56:33','admin','admin',0),
  (36,1,1,38,'Clavijas industriales','','','','','','','','','','','','','','','','','','','','','','','','','','','','','','','','','','','','','','','','','','','','','','','','','','','','','','','','','','','',3,8,'2018-06-06 18:57:07','2018-06-06 18:57:07','admin','admin',0),
  (37,1,1,41,'Extensiones eléctricas','','','','','','','','','','','','','','','','','','','','','','','','','','','','','','','','','','','','','','','','','','','','','','','','','','','','','','','','','','','',3,8,'2018-06-06 18:57:35','2018-06-06 18:57:35','admin','admin',0),
  (38,1,1,45,'Zockets para tubos de iluminación','','','','','','','','','','','','','','','','','','','','','','','','','','','','','','','','','','','','','','','','','','','','','','','','','','','','','','','','','','','',3,8,'2018-06-06 18:57:50','2018-06-06 18:57:50','admin','admin',0),
  (39,1,1,46,'Cables canales ranurados','','','','','','','','','','','','','','','','','','','','','','','','','','','','','','','','','','','','','','','','','','','','','','','','','','','','','','','','','','','',3,8,'2018-06-06 18:58:00','2018-06-06 18:58:00','admin','admin',0),
  (40,1,1,49,'Conduits eléctricos y Tubos corrugados','','','','','','','','','','','','','','','','','','','','','','','','','','','','','','','','','','','','','','','','','','','','','','','','','','','','','','','','','','','',3,8,'2018-06-06 18:58:13','2018-06-08 18:50:47','admin','admin',0),
  (41,1,1,52,'','','','','','','','','','','','','','','','','','','','','','','','','','','','','','','','','','','','','','','','','','','','','','','','','','','','','','','','','','','','',3,8,'2018-06-06 18:58:25','2018-06-08 18:50:35','admin','admin',0),
  (42,1,1,53,'Terminales para cables eléctricos','','','','','','','','','','','','','','','','','','','','','','','','','','','','','','','','','','','','','','','','','','','','','','','','','','','','','','','','','','','',3,8,'2018-06-06 18:58:50','2018-06-06 18:58:50','admin','admin',0),
  (43,1,1,56,'Pararrayos y Aisladores de protección atmosférica','','','','','','','','','','','','','','','','','','','','','','','','','','','','','','','','','','','','','','','','','','','','','','','','','','','','','','','','','','','',3,8,'2018-06-06 18:59:01','2018-06-08 22:01:18','admin','admin',0),
  (45,1,1,59,'Protector filtro de línea(Cortapicos)','','','','','','','','','','','','','','','','','','','','','','','','','','','','','','','','','','','','','','','','','','','','','','','','','','','','','','','','','','','',3,8,'2018-06-06 18:59:23','2018-06-06 18:59:23','admin','admin',0),
  (46,1,1,60,'Interruptor reversible 30A CR 830','','','','','','','','','','','','','','','','','','','','','','','','','','','','','','','','','','','','','','','','','','','','','','','','','','','','','','','','','','','',3,8,'2018-06-06 21:03:24','2018-06-06 21:03:24','admin','admin',0),
  (47,1,1,61,'Flotador interruptor de nivel','','','','','','','','','','','','','','','','','','','','','','','','','','','','','','','','','','','','','','','','','','','','','','','','','','','','','','','','','','','',3,8,'2018-06-06 21:03:40','2018-06-06 21:03:40','admin','admin',0),
  (48,1,1,62,'Interruptor de presión de aire y agua','','','','','','','','','','','','','','','','','','','','','','','','','','','','','','','','','','','','','','','','','','','','','','','','','','','','','','','','','','','',3,8,'2018-06-06 21:03:54','2018-06-06 21:03:54','admin','admin',0),
  (49,1,1,3,'<ul><li>PLACA&nbsp;</li><li>BASTIDOR RESISTENTE</li><li>MODULO TERMOPLÁSTICO ANTILLAMA</li><li>MODULO TERMOPLÁSTICO ANTILLAMA</li><li>PLATA EN LOS CONTACTOS</li></ul>','','','','','','','','','','','','','','','','','','','','placas-domiciliaria.jpg','','','','','','','','','','','','','','','','','','','','','','','','','','','','','','','','','','','','','','','',3,9,'2018-06-06 21:48:55','2018-06-14 22:35:29','admin','admin-sicme',0),
  (50,1,1,6,'<p>Interruptores, Conmutadores e Interruptores</p>\r\n<p>intermediarios de 10A. 250 VAC</p>','','','','','','','','','','','','','','','','','','','','interruptor01.jpg','','','','','','','','','','','','','','','','','','','','','','','','','','','','','','','','','','','','','','','',3,9,'2018-06-06 22:45:12','2018-06-06 22:46:12','admin','admin',0),
  (51,1,1,9,'<p>Tomacorriente Universal de 2P, 2P+T NEMA 10-15A. 250V AC</p>','','','','','','','','','','','','','','','','','','','','toma-corriente01.jpg','','','','','','','','','','','','','','','','','','','','','','','','','','','','','','','','','','','','','','','',3,9,'2018-06-06 22:52:13','2018-06-06 22:52:35','admin','admin',0),
  (52,1,1,4,'<p>Placa domiciliaria modular</p>\r\n<ul><li>PLACA&nbsp;</li><li>BASTIDOR RESISTENTE</li><li>MODULO TERMOPLÁSTICO ANTILLAMA</li><li>MODULO TERMOPLÁSTICO ANTILLAMA</li><li>PLATA EN LOS CONTACTOS</li></ul>','','','','','','','','','','','','','','','','','','','','placas.jpg','','','','','','','','','','','','','','','','','','','','','','','','','','','','','','','','','','','','','','','',3,9,'2018-06-06 23:01:17','2018-06-06 23:01:32','admin','admin',0),
  (53,1,1,7,'<p>Módulo Interruptor Intermediario <em>Liz Tramontina</em><br></p>','','','','','','','','','','','','','','','','','','','','interruptor02.jpg','','','','','','','','','','','','','','','','','','','','','','','','','','','','','','','','','','','','','','','',3,9,'2018-06-06 23:06:11','2018-06-06 23:06:11','admin','admin',0),
  (54,1,1,10,'<p>Las placas y módulos de la linea Lux2, son fabricados en termo-plástico con acabamiento brillo en el color blanco, que no reten polvo, uniendo calidad y practicidad. Lo sistemas es modular, en una pieza: placa con soporte incorporado. Acompañan tornillos para la instalación.</p>','','','','','','','','','','','','','','','','','','','','toma-corriente02.jpg','','','','','','','','','','','','','','','','','','','','','','','','','','','','','','','','','','','','','','','',3,9,'2018-06-06 23:10:51','2018-06-06 23:10:51','admin','admin',0),
  (55,1,1,13,'<p>Tomacorriente 2P+T schuko 16A 250V~ color grafite<br></p>','','','','','','','','','','','','','','','','','','','','schuko02.jpg','','','','','','','','','','','','','','','','','','','','','','','','','','','','','','','','','','','','','','','',3,9,'2018-06-06 23:20:31','2018-06-06 23:20:31','admin','admin',0),
  (56,1,1,12,'<p>Tomacorrientes Schucko, 2P+T 16A. 250VAC</p>','','','','','','','','','','','','','','','','','','','','schuko01.jpg','','','','','','','','','','','','','','','','','','','','','','','','','','','','','','','','','','','','','','','',3,9,'2018-06-06 23:22:02','2018-06-06 23:22:02','admin','admin',0),
  (57,1,1,17,'<p>Tomas de Teléfono RJ-11,de Red RJ-45 Cat. 6</p>','','','','','','','','','','','','','','','','','','','','tomas-telefono-01.jpg','','','','','','','','','','','','','','','','','','','','','','','','','','','','','','','','','','','','','','','',3,9,'2018-06-06 23:34:48','2018-06-06 23:34:48','admin','admin',0),
  (58,1,1,19,'<p>Tomas TV Coaxial Tramontina</p>','','','','','','','','','','','','','','','','','','','','tomas-tv-01.jpg','','','','','','','','','','','','','','','','','','','','','','','','','','','','','','','','','','','','','','','',3,9,'2018-06-06 23:41:03','2018-06-06 23:41:03','admin','admin',0),
  (59,1,1,21,'<p>Pulsador Tramontina</p>','','','','','','','','','','','','','','','','','','','','pulsador01.jpg','','','','','','','','','','','','','','','','','','','','','','','','','','','','','','','','','','','','','','','',3,9,'2018-06-06 23:42:59','2018-06-06 23:42:59','admin','admin',0),
  (60,1,1,22,'<p>Zumbador Tramontina</p>','','','','','','','','','','','','','','','','','','','','zumbador01.jpg','','','','','','','','','','','','','','','','','','','','','','','','','','','','','','','','','','','','','','','',3,9,'2018-06-06 23:43:54','2018-06-06 23:43:54','admin','admin',0),
  (70,1,1,1,'Térmicos domiciliarios','','','','','','','','','','','','','','','','','','','','','','','','','','','','','','','','','','','','','','','','','','','','','','','','','','','','','','','','','','','',5,8,'2018-06-07 16:00:11','2018-06-07 16:00:11','admin','admin',0),
  (71,1,1,2,'Térmicos Termomagnéticos Industriales','','','','','','','','','','','','','','','','','','','','','','','','','','','','','','','','','','','','','','','','','','','','','','','','','','','','','','','','','','','',5,8,'2018-06-07 16:00:28','2018-06-07 16:00:28','admin','admin',0),
  (72,1,1,3,'Contactores de potencia','','','','','','','','','','','','','','','','','','','','','','','','','','','','','','','','','','','','','','','','','','','','','','','','','','','','','','','','','','','',5,8,'2018-06-07 16:00:40','2018-06-07 16:00:40','admin','admin',0),
  (73,1,1,4,'Reles de protección térmica','','','','','','','','','','','','','','','','','','','','','','','','','','','','','','','','','','','','','','','','','','','','','','','','','','','','','','','','','','','',5,8,'2018-06-07 16:00:49','2018-06-07 16:00:49','admin','admin',0),
  (74,1,1,5,'Programadores horarios','','','','','','','','','','','','','','','','','','','','','','','','','','','','','','','','','','','','','','','','','','','','','','','','','','','','','','','','','','','',5,8,'2018-06-07 16:01:00','2018-06-07 16:01:00','admin','admin',0),
  (75,1,1,9,'Botonerías de comando','','','','','','','','','','','','','','','','','','','','','','','','','','','','','','','','','','','','','','','','','','','','','','','','','','','','','','','','','','','',5,8,'2018-06-07 16:01:18','2018-06-07 16:01:18','admin','admin',0),
  (76,1,1,14,'Sensores para empotrar en pared','','','','','','','','','','','','','','','','','','','','','','','','','','','','','','','','','','','','','','','','','','','','','','','','','','','','','','','','','','','',5,8,'2018-06-07 16:01:29','2018-06-07 16:01:29','admin','admin',0),
  (77,1,1,15,'Sensores para empotrar en losa y drywall','','','','','','','','','','','','','','','','','','','','','','','','','','','','','','','','','','','','','','','','','','','','','','','','','','','','','','','','','','','',5,8,'2018-06-07 16:01:42','2018-06-07 16:01:42','admin','admin',0),
  (78,1,1,16,'Sensores de sobreponer en techo','','','','','','','','','','','','','','','','','','','','','','','','','','','','','','','','','','','','','','','','','','','','','','','','','','','','','','','','','','','',5,8,'2018-06-07 16:01:56','2018-06-07 16:01:56','admin','admin',0),
  (79,1,1,17,'Sensores de presencia de pared MPS - 40F','','','','','','','','','','','','','','','','','','','','','','','','','','','','','','','','','','','','','','','','','','','','','','','','','','','','','','','','','','','',5,8,'2018-06-07 16:02:09','2018-06-07 16:02:09','admin','admin',0),
  (80,1,1,18,'Sensores de presencia de pared MPS - 40S','','','','','','','','','','','','','','','','','','','','','','','','','','','','','','','','','','','','','','','','','','','','','','','','','','','','','','','','','','','',5,8,'2018-06-07 16:02:23','2018-06-07 16:02:23','admin','admin',0),
  (81,1,1,1,'Luminarias tipo tortuga','','','','','','','','','','','','','','','','','','','','','','','','','','','','','','','','','','','','','','','','','','','','','','','','','','','','','','','','','','','',6,8,'2018-06-07 16:04:46','2018-06-07 16:04:46','admin','admin',0),
  (82,1,1,10,'Lámparas espiral y Focos led','','','','','','','','','','','','','','','','','','','','','','','','','','','','','','','','','','','','','','','','','','','','','','','','','','','','','','','','','','','',6,8,'2018-06-07 16:05:05','2018-06-07 18:31:12','admin','admin',0),
  (84,1,1,13,'Paneles','','','','','','','','','','','','','','','','','','','','','','','','','','','','','','','','','','','','','','','','','','','','','','','','','','','','','','','','','','','',6,8,'2018-06-07 16:05:24','2018-06-07 16:05:40','admin','admin',0),
  (85,1,1,14,'Paneles de sobreponer','','','','','','','','','','','','','','','','','','','','','','','','','','','','','','','','','','','','','','','','','','','','','','','','','','','','','','','','','','','',6,8,'2018-06-07 16:05:54','2018-06-07 16:05:54','admin','admin',0),
  (86,1,1,15,'Paneles de empotrar','','','','','','','','','','','','','','','','','','','','','','','','','','','','','','','','','','','','','','','','','','','','','','','','','','','','','','','','','','','',6,8,'2018-06-07 16:06:05','2018-06-07 16:06:05','admin','admin',0),
  (87,1,1,16,'Tubos led','','','','','','','','','','','','','','','','','','','','','','','','','','','','','','','','','','','','','','','','','','','','','','','','','','','','','','','','','','','',6,8,'2018-06-07 16:06:15','2018-06-07 16:06:15','admin','admin',0),
  (88,1,1,2,'<p>Congohas -&nbsp;LUMINARIA TIPO TORTUGA</p>','','','','','','','','','','','','','','','','','','','','luminaria-tortuga01.jpg','','','','','','','','','','','','','','','','','','','','','','','','','','','','','','','','','','','','','','','',6,9,'2018-06-07 16:06:48','2018-06-07 17:30:13','admin','admin',0),
  (89,1,1,3,'<p>Tirandentes -&nbsp;LUMINARIA TIPO TORTUGA</p>','','','','','','','','','','','','','','','','','','','','luminaria-tortuga02.jpg','','','','','','','','','','','','','','','','','','','','','','','','','','','','','','','','','','','','','','','',6,9,'2018-06-07 16:07:23','2018-06-07 17:41:49','admin','admin',0),
  (90,1,1,4,'<p>Caja Metálica industrial con pintura&nbsp;electrostática al horno</p>','','','','','','','','','','','','','','','','','','','','caja-electrica04.jpg','','','','','','','','','','','','','','','','','','','','','','','','','','','','','','','','','','','','','','','',7,9,'2018-06-07 16:21:30','2018-06-08 18:02:16','admin','admin',0),
  (91,1,1,2,'<p>Caja Metálica industrial con pintura electrostática al horno</p>','','','','','','','','','','','','','','','','','','','','caja-electrica01.jpg','','','','','','','','','','','','','','','','','','','','','','','','','','','','','','','','','','','','','','','',7,9,'2018-06-07 16:21:34','2018-06-08 18:01:52','admin','admin',0),
  (92,1,1,3,'<p>Caja Metálica industrial con pintura&nbsp;electrostática al horno</p>','','','','','','','','','','','','','','','','','','','','caja-electrica02.jpg','','','','','','','','','','','','','','','','','','','','','','','','','','','','','','','','','','','','','','','',7,9,'2018-06-07 16:21:39','2018-06-08 18:02:03','admin','admin',0),
  (93,1,1,1,'Cajas metálicas industriales','','','','','','','','','','','','','','','','','','','','','','','','','','','','','','','','','','','','','','','','','','','','','','','','','','','','','','','','','','','',7,8,'2018-06-07 16:21:47','2018-06-07 16:21:47','admin','admin',0),
  (94,1,1,5,'<p>Caja Metálica industrial con pintura&nbsp;electrostática al horno</p>','','','','','','','','','','','','','','','','','','','','caja-electrica05.jpg','','','','','','','','','','','','','','','','','','','','','','','','','','','','','','','','','','','','','','','',7,9,'2018-06-07 16:21:53','2018-06-08 18:02:27','admin','admin',0),
  (95,1,1,6,'<p>Caja Metálica industrial con pintura&nbsp;electrostática al horno</p>','','','','','','','','','','','','','','','','','','','','caja-electrica03.jpg','','','','','','','','','','','','','','','','','','','','','','','','','','','','','','','','','','','','','','','',7,9,'2018-06-07 16:22:00','2018-06-08 18:02:37','admin','admin',0),
  (96,1,1,1,'Duchas','','','','','','','','','','','','','','','','','','','','','','','','','','','','','','','','','','','','','','','','','','','','','','','','','','','','','','','','','','','',8,8,'2018-06-07 16:29:37','2018-06-07 16:29:37','admin','admin',0),
  (97,1,1,6,'Precintos de nylon','','','','','','','','','','','','','','','','','','','','','','','','','','','','','','','','','','','','','','','','','','','','','','','','','','','','','','','','','','','',8,8,'2018-06-07 16:29:48','2018-06-07 16:29:48','admin','admin',0),
  (98,1,1,7,'Juegos de herramientas Phoenix contact','','','','','','','','','','','','','','','','','','','','','','','','','','','','','','','','','','','','','','','','','','','','','','','','','','','','','','','','','','','',8,8,'2018-06-07 16:30:01','2018-06-07 16:30:01','admin','admin',0),
  (99,1,1,8,'Interfonos','','','','','','','','','','','','','','','','','','','','','','','','','','','','','','','','','','','','','','','','','','','','','','','','','','','','','','','','','','','',8,8,'2018-06-07 16:30:12','2018-06-07 16:30:12','admin','admin',0),
  (100,1,1,9,'Video porteros','','','','','','','','','','','','','','','','','','','','','','','','','','','','','','','','','','','','','','','','','','','','','','','','','','','','','','','','','','','',8,8,'2018-06-07 16:30:22','2018-06-07 16:30:22','admin','admin',0),
  (101,1,1,10,'Escaleras metálicas','','','','','','','','','','','','','','','','','','','','','','','','','','','','','','','','','','','','','','','','','','','','','','','','','','','','','','','','','','','',8,8,'2018-06-07 16:30:35','2018-06-07 16:30:35','admin','admin',0),
  (102,1,1,13,'Baliza de señalización','','','','','','','','','','','','','','','','','','','','','','','','','','','','','','','','','','','','','','','','','','','','','','','','','','','','','','','','','','','',8,8,'2018-06-07 16:30:45','2018-06-07 16:30:51','admin','admin',0),
  (105,1,1,4,'<p>Mariana -&nbsp;LUMINARIA TIPO TORTUGA</p>','','','','','','','','','','','','','','','','','','','','luminaria-tortuga03.jpg','','','','','','','','','','','','','','','','','','','','','','','','','','','','','','','','','','','','','','','',6,9,'2018-06-07 17:43:30','2018-06-07 17:43:30','admin','admin',0),
  (106,1,1,5,'<p>Diamantina&nbsp;-&nbsp;LUMINARIA TIPO TORTUGA</p>','','','','','','','','','','','','','','','','','','','','luminaria-tortuga05.jpg','','','','','','','','','','','','','','','','','','','','','','','','','','','','','','','','','','','','','','','',6,9,'2018-06-07 17:45:36','2018-06-07 17:45:36','admin','admin',0),
  (107,1,1,6,'<p>Sabara&nbsp;-&nbsp;LUMINARIA TIPO TORTUGA</p>','','','','','','','','','','','','','','','','','','','','luminaria-tortuga05_1.jpg','','','','','','','','','','','','','','','','','','','','','','','','','','','','','','','','','','','','','','','',6,9,'2018-06-07 17:48:10','2018-06-07 17:48:10','admin','admin',0),
  (108,1,1,7,'<p>Ouro preto&nbsp;-&nbsp;LUMINARIA TIPO TORTUGA</p>','','','','','','','','','','','','','','','','','','','','luminaria-tortuga06.jpg','','','','','','','','','','','','','','','','','','','','','','','','','','','','','','','','','','','','','','','',6,9,'2018-06-07 17:49:11','2018-06-07 17:49:11','admin','admin',0),
  (109,1,1,8,'Sockets para tubos de iluminación','','','','','','','','','','','','','','','','','','','','','','','','','','','','','','','','','','','','','','','','','','','','','','','','','','','','','','','','','','','',6,8,'2018-06-07 18:18:47','2018-06-07 18:18:47','admin','admin',0),
  (110,1,1,9,'<p>ZOCKETS para tubos de iluminación</p>','','','','','','','','','','','','','','','','','','','','sockets01.jpg','','','','','','','','','','','','','','','','','','','','','','','','','','','','','','','','','','','','','','','',6,9,'2018-06-07 18:23:59','2018-06-07 18:23:59','admin','admin',0),
  (111,1,1,11,'<p>De 12 y 20W., 85 – 265VAC.,<br>Luz blanca.</p><p></p>','','','','','','','','','','','','','','','','','','','','lampara-espiral01.jpg','','','','','','','','','','','','','','','','','','','','','','','','','','','','','','','','','','','','','','','',6,9,'2018-06-07 18:32:04','2018-06-07 18:32:04','admin','admin',0),
  (112,1,1,12,'<p>Foco Led - De 12 y 20W., 85 – 265VAC.,</p><p>Luz blanca.</p>','','','','','','','','','','','','','','','','','','','','foco-led01.jpg','','','','','','','','','','','','','','','','','','','','','','','','','','','','','','','','','','','','','','','',6,9,'2018-06-07 18:32:53','2018-06-07 18:32:53','admin','admin',0),
  (113,1,1,2,'<p>Senseday, Tres temperaturas</p><p>5500W. 220VAC</p>','','','','','','','','','','','','','','','','','','','','ducha01.jpg','','','','','','','','','','','','','','','','','','','','','','','','','','','','','','','','','','','','','','','',8,9,'2018-06-07 18:57:04','2018-06-07 18:57:04','admin','admin',0),
  (114,1,1,3,'<p>Senseplus, Cuatro temperaturas<br></p><p>6500W. 220VAC</p>','','','','','','','','','','','','','','','','','','','','ducha02.jpg','','','','','','','','','','','','','','','','','','','','','','','','','','','','','','','','','','','','','','','',8,9,'2018-06-07 18:57:48','2018-06-07 18:57:48','admin','admin',0),
  (115,1,1,1,'','','','','','','','','','','','','','','','','','','','','','','','','','','','','','','','','','','','','','','','','','','','','','','','','','','','','','','','','','','','',12,10,'2018-06-07 22:55:03','2018-06-08 15:19:05','admin','admin',0),
  (116,1,1,1,'','','','','','','','','','','','','','','','','','','','','','','','','','','','','','','','','','','','','','','','','','','','','','','','','','','','','','','','','','','','',13,11,'2018-06-08 17:34:33','2018-06-08 17:34:33','admin','admin',0),
  (117,1,1,11,'<p>Escalerilla Metálica para instalaciones&nbsp;eléctrica residencial e industrial<br></p>','','','','','','','','','','','','','','','','','','','','escalera-metalica-02.jpg','','','','','','','','','','','','','','','','','','','','','','','','','','','','','','','','','','','','','','','',8,9,'2018-06-08 18:28:40','2018-06-08 18:29:03','admin','admin',0),
  (118,1,1,12,'<p>Escalerilla Metálica para instalaciones&nbsp;eléctrica residencial e industrial</p>','','','','','','','','','','','','','','','','','','','','escalera-metalica-01.jpg','','','','','','','','','','','','','','','','','','','','','','','','','','','','','','','','','','','','','','','',8,9,'2018-06-08 18:29:35','2018-06-08 18:29:35','admin','admin',0),
  (119,1,1,48,'<p>Cable Canales Ranurados de PVC</p>','','','','','','','','','','','','','','','','','','','','cables-canales-ranurado02.jpg','','','','','','','','','','','','','','','','','','','','','','','','','','','','','','','','','','','','','','','',3,9,'2018-06-08 18:42:15','2018-06-08 18:42:15','admin','admin',0),
  (120,1,1,47,'<p>Cable Canales Ranurados de PVC</p>','','','','','','','','','','','','','','','','','','','','cables-canales-ranurado01.jpg','','','','','','','','','','','','','','','','','','','','','','','','','','','','','','','','','','','','','','','',3,9,'2018-06-08 18:42:42','2018-06-08 18:42:42','admin','admin',0),
  (121,1,1,50,'<p>Tubos corrugados</p>','','','','','','','','','','','','','','','','','','','','tubos_corrugados01.jpg','','','','','','','','','','','','','','','','','','','','','','','','','','','','','','','','','','','','','','','',3,9,'2018-06-08 18:51:32','2018-06-08 18:51:32','admin','admin',0),
  (122,1,1,51,'<p>Conduits Eléctricos</p>','','','','','','','','','','','','','','','','','','','','conduits_el_ctricos01.jpg','','','','','','','','','','','','','','','','','','','','','','','','','','','','','','','','','','','','','','','',3,9,'2018-06-08 18:52:21','2018-06-08 18:52:21','admin','admin',0),
  (123,1,1,54,'<p>Terminales para cables eléctricos</p>','','','','','','','','','','','','','','','','','','','','terminales-para_cables_electricos01.jpg','','','','','','','','','','','','','','','','','','','','','','','','','','','','','','','','','','','','','','','',3,9,'2018-06-08 21:43:51','2018-06-08 21:44:05','admin','admin',0),
  (124,1,1,55,'<p>Terminales para cables eléctricos</p>','','','','','','','','','','','','','','','','','','','','terminales-para_cables_electricos02.jpg','','','','','','','','','','','','','','','','','','','','','','','','','','','','','','','','','','','','','','','',3,9,'2018-06-08 21:44:29','2018-06-08 21:44:29','admin','admin',0),
  (125,1,1,39,'<p>Clavijas Industriales 2P+T, 3P+T, 3P+T+N, del 16-32-63 amp</p>','','','','','','','','','','','','','','','','','','','','clavijas-industriales01.jpg','','','','','','','','','','','','','','','','','','','','','','','','','','','','','','','','','','','','','','','',3,9,'2018-06-08 21:54:00','2018-06-08 21:54:00','admin','admin',0),
  (126,1,1,40,'<p>Clavijas Industriales 2P+T, 3P+T, 3P+T+N, del 16-32-63 amp</p>','','','','','','','','','','','','','','','','','','','','clavijas-industriales02.jpg','','','','','','','','','','','','','','','','','','','','','','','','','','','','','','','','','','','','','','','',3,9,'2018-06-08 21:54:13','2018-06-08 21:54:31','admin','admin',0),
  (127,1,1,57,'<p>Pararrayos</p>','','','','','','','','','','','','','','','','','','','','pararrayos01.jpg','','','','','','','','','','','','','','','','','','','','','','','','','','','','','','','','','','','','','','','',3,9,'2018-06-08 22:03:11','2018-06-08 22:03:11','admin','admin',0),
  (128,1,1,58,'<p>Aisladores de protección atmosférica</p>','','','','','','','','','','','','','','','','','','','','aisladores-de-protecci_n01.jpg','','','','','','','','','','','','','','','','','','','','','','','','','','','','','','','','','','','','','','','',3,9,'2018-06-08 22:04:09','2018-06-08 22:04:09','admin','admin',0),
  (129,1,1,6,'<p>Programador Horario</p>','','','','','','','','','','','','','','','','','','','','programadores-horario02.jpg','','','','','','','','','','','','','','','','','','','','','','','','','','','','','','','','','','','','','','','',5,9,'2018-06-08 22:30:53','2018-06-08 22:30:53','admin','admin',0),
  (130,1,1,7,'<p>Programador&nbsp;Horario</p>','','','','','','','','','','','','','','','','','','','','programadores-horario03.jpg','','','','','','','','','','','','','','','','','','','','','','','','','','','','','','','','','','','','','','','',5,9,'2018-06-08 22:31:17','2018-06-08 22:31:17','admin','admin',0),
  (131,1,1,8,'<p>Programador&nbsp;Horario</p>','','','','','','','','','','','','','','','','','','','','programadores-horario01.jpg','','','','','','','','','','','','','','','','','','','','','','','','','','','','','','','','','','','','','','','',5,9,'2018-06-08 22:31:44','2018-06-08 22:31:44','admin','admin',0),
  (132,1,1,10,'<p>Botonería de comando para automatización de procesos</p>','','','','','','','','','','','','','','','','','','','','automatizaci_n-de-procesos02.jpg','','','','','','','','','','','','','','','','','','','','','','','','','','','','','','','','','','','','','','','',5,9,'2018-06-08 22:32:32','2018-06-08 22:32:52','admin','admin',0),
  (133,1,1,11,'<p>Botonería de comando&nbsp;para automatización de procesos</p>','','','','','','','','','','','','','','','','','','','','automatizaci_n-de-procesos01.jpg','','','','','','','','','','','','','','','','','','','','','','','','','','','','','','','','','','','','','','','',5,9,'2018-06-08 22:33:21','2018-06-08 22:33:21','admin','admin',0),
  (134,1,1,1,'Cables rígidos','','','','','','','','','','','','','','','','','','','','','','','','','','','','','','','','','','','','','','','','','','','','','','','','','','','','','','','','','','','',4,8,'2018-06-08 23:11:13','2018-06-08 23:11:13','admin','admin',0),
  (135,1,1,2,'<p>• <strong>APLICACIÓN</strong>: Recomendado para sistemas de descarga a tierra y otras aplicaciones que necesiten cobre con alto grado de pureza y temple blando.<br>• <strong>CONDUCTOR</strong>: Conductor de cables de cobre electrolítico, temple blando, clase 2.<br>• <strong>SECCIONES</strong> <strong>( mm)</strong>: 16 - 25 - 35 - 50 - 70 - 95 -120</p><p><span></span></p>','','','','','','','','','','','','','','','','','','','','cable01.jpg','','','','','','','','','','','','','','','','','','','','','','','','','','','','','','','','','','','','','','','',4,9,'2018-06-08 23:14:37','2018-06-08 23:14:37','admin','admin',0),
  (136,1,1,3,'<ul><li><strong>APLICACIÓN</strong>: Recomendado para instalaciones industriales, comerciales y residenciales de fuerza y de luz,empotrado en electroductos o sobreaisladores.</li><li><strong>CONDUCTOR</strong>: Hilosdecobreelectrolítico, clase 2.</li><li><strong>AISLAMIENTO</strong>: PVC / A.• NORMA TÉCNICA: NBR NM 247-3 (IEC60227-3, MOD).</li></ul>','','','','','','','','','','','','','','','','','','','','cable04.jpg','','','','','','','','','','','','','','','','','','','','','','','','','','','','','','','','','','','','','','','',4,9,'2018-06-08 23:17:58','2018-06-08 23:18:06','admin','admin',0),
  (137,1,1,4,'<p>• <strong>APLICACIÓN</strong>: Recomendado para instalaciones industriales, comerciales y residenciales de fuerza, en los circuitos alimentarios de subestaciones transformadoras y en redes subterráneas de distribución de energía eléctrica.&nbsp;</p><p>• <strong>CONDUCTOR</strong>: Hilos de cobre electrolítico, clase 2.</p>\r\n<p>• <strong>AISLAMIENTO</strong>: HEPR (EPR/B).</p>\r\n<p>• <strong>CUBIERTA</strong>: PVC / ST2 - BWF.</p>\r\n<p>• <strong>NORMA TÉCNICA</strong>: NBR 7286.</p>','','','','','','','','','','','','','','','','','','','','cable05.jpg','','','','','','','','','','','','','','','','','','','','','','','','','','','','','','','','','','','','','','','',4,9,'2018-06-08 23:21:43','2018-06-08 23:52:15','admin','admin',0),
  (138,1,1,5,'Cables Flexibles','','','','','','','','','','','','','','','','','','','','','','','','','','','','','','','','','','','','','','','','','','','','','','','','','','','','','','','','','','','',4,8,'2018-06-08 23:23:56','2018-06-08 23:23:56','admin','admin',0),
  (139,1,1,6,'<p>• APLICACIÓN: Recomendado para instalaciones industriales y residenciales de fuerza y de luz, en circuitos de comandos, señalizaciones, etc.</p>\r\n<p>• CONDUCTOR: Hilos de cobre electrolítico, clase 4 hasta 6mm2 y clase 5 a partir 10 mm2.</p>\r\n<p>• AISLAMIENTO: PVC / A - BWF</p>\r\n<p>• NORMA TÉCNICA: NBR NM 247-3 y PA NM 247-3 (IEC 60.227-3, MOD).<br>• SECCIONES ( mm): 1 - 1.5 -&nbsp;2.5 - 4 -&nbsp;6 - 10 - 16 -&nbsp;25 - 35 - 50</p>','','','','','','','','','','','','','','','','','','','','cable02.jpg','','','','','','','','','','','','','','','','','','','','','','','','','','','','','','','','','','','','','','','',4,9,'2018-06-08 23:25:22','2018-06-08 23:27:49','admin','admin',0),
  (140,1,1,7,'<p>• <strong>APLICACIÓN</strong>: Recomendado para circuitos de alimentación y distribución de energía eléctrica en predios residenciales, comerciales, subestaciones transformadoras y en redes subterráneas que exigen cables con mayor flexibilidad.&nbsp;</p><p>• <strong>CONDUCTOR</strong>: Hilos de cobre electrolítico, clase 4 hasta 6mm2 y clase 5 a partir 10 mm2.</p><p>• <strong>AISLAMIENTO</strong>: HEPR (EPR / B).</p><p>• <strong>CUBIERTA</strong>: PVC / ST2 - BWF.</p><p>• <strong>NORMA TÉCNICA</strong>: NBR 7286.</p>','','','','','','','','','','','','','','','','','','','','cable03.png','','','','','','','','','','','','','','','','','','','','','','','','','','','','','','','','','','','','','','','',4,9,'2018-06-08 23:55:14','2018-06-08 23:55:14','admin','admin',0),
  (141,1,1,1,'','','','','','','','','','','','','','','','','','','','','','','','','','','','','','','','','','','','','','','','','','','','','','','','','','','3,4,5,6,7,11,8','','','','','','','','','',14,12,'2018-06-09 17:21:03','2018-06-09 17:21:03','admin','admin',0),
  (142,1,1,2,'','','','','','','','','','','','','','','','','','','','','','','','','','','','','','','','','','','','','','','','','','','','','','','','','','','','','','','','','','','','',1,13,'2018-06-09 17:37:48','2018-06-09 17:37:48','admin','admin',0),
  (154,1,1,1,'<p>Conductores Eléctricos SIL, Calidad Certificada conforme a normas Mercosur, Auto extinguibles, producida con hilos de cobre electrolítico.<br>Recomendado para instalaciones industriales y residenciales de fuerza y de luz, en circuitos de comandos, señalizaciones, etc.</p>\r\n<hr>\r\n<p class=\"text-center\"><a href=\"http://www.sil.com.br/en/home.aspx\" class=\"button--ghost button--small to-center\" target=\"_blank\">Visitar sitio</a></p>','','','','','','','','','','','','','','','','','','','','sil.jpg','','','','','','','','','','','','','','','','','','','','','','','','','','','','','','','','','','','','','','','',11,9,'2018-06-12 17:04:00','2018-06-12 18:09:25','admin','admin',0),
  (155,1,1,2,'<p>Eaton, se dedica a mejorar las vidas de las personas y el medioambiente con tecnologías de administración de energía que son más confiables, eficientes, seguras y sostenibles. Porque eso es lo que realmente importa. Y estamos aquí para asegurarnos de que funcione.</p>\r\n<hr>\r\n<p class=\"text-center\"><a href=\"http://www.eaton.com\" class=\"button--ghost button--small to-center\" target=\"_blank\">Visitar sitio</a></p>','','','','','','','','','','','','','','','','','','','','eaton.jpg','','','','','','','','','','','','','','','','','','','','','','','','','','','','','','','','','','','','','','','',11,9,'2018-06-12 17:04:12','2018-06-12 18:19:30','admin','admin',0),
  (156,1,1,3,'<p>Es una marca que se especializa en crear calidad y seguridad de vida para aquellos clientes que lo merezcan disfrutar, con adelantos técnicos y diferentes productos, con una gama de interfonos, vídeo porteros, sistemas de hogar inteligente hasta incluso soluciones de seguridad residencial.”</p>\r\n<hr>\r\n<p class=\"text-center\"><a href=\"http://www.commax.com/spa/\" class=\"button--ghost button--small to-center\" target=\"_blank\">Visitar sitio</a></p>','','','','','','','','','','','','','','','','','','','','commax.png','','','','','','','','','','','','','','','','','','','','','','','','','','','','','','','','','','','','','','','',11,9,'2018-06-12 17:04:37','2018-06-12 18:25:05','admin','admin',0),
  (157,1,1,4,'<p>PRECINTOS DE NYLON</p>\r\n<hr>\r\n<p class=\"text-center\"><a href=\"#\" class=\"button--ghost button--small to-center\" target=\"_blank\">Visitar sitio</a></p>','','','','','','','','','','','','','','','','','','','','frontec.jpg','','','','','','','','','','','','','','','','','','','','','','','','','','','','','','','','','','','','','','','',11,9,'2018-06-12 17:04:48','2018-06-12 18:42:41','admin','admin',0),
  (158,1,1,5,'<p>Paneles de iluminación LED, ideales para oficinas y viviendas. Larga vida útil y óptimo ahorro de energía eléctrica.</p>\r\n<hr>\r\n<p class=\"text-center\"><a href=\"#\" class=\"button--ghost button--small to-center\" target=\"_blank\">Visitar sitio</a></p>','','','','','','','','','','','','','','','','','','','','sicme-lighting.png','','','','','','','','','','','','','','','','','','','','','','','','','','','','','','','','','','','','','','','',11,9,'2018-06-12 17:05:01','2018-06-12 18:26:37','admin','admin',0),
  (159,1,1,6,'<p>MarGirius es actualmente uno de los mayores fabricantes brasileños de controles eléctricos y electrónicos. A través de una sólida estructura industrial y comercial y con una producción anual de más de 90 millones de ítems, está presente en más de 30.000 clientes en todo Brasil y países de América Latina.</p>\r\n<hr>\r\n<p class=\"text-center\"><a href=\"http://www.margirius.com.br/\" class=\"button--ghost button--small to-center\" target=\"_blank\">Visitar sitio</a></p>','','','','','','','','','','','','','','','','','','','','margirius.jpg','','','','','','','','','','','','','','','','','','','','','','','','','','','','','','','','','','','','','','','',11,9,'2018-06-12 17:05:12','2018-06-12 18:32:17','admin','admin',0),
  (160,1,1,7,'<p>Está presente en el mercado de iluminación desde el año 2004, con su trayectoria de inversión en desarrollo y tecnología en la fabricación de sus productos, desde su concepción.<br>\r\nCon la propuesta de desarrollar productos que busquen excelencia, y con la consciencia de que es posible fabricar localmente componentes para iluminación con la misma calidad de los productos más modernos, la empresa invirtió en moldes, matrices y máquinas de producción.</p>\r\n<hr>\r\n<p class=\"text-center\"><a href=\"http://lalux.com.br/es/\" class=\"button--ghost button--small to-center\" target=\"_blank\">Visitar sitio</a></p>','','','','','','','','','','','','','','','','','','','','lalux.jpg','','','','','','','','','','','','','','','','','','','','','','','','','','','','','','','','','','','','','','','',11,9,'2018-06-12 17:05:21','2018-06-12 18:43:42','admin','admin',0),
  (161,1,1,8,'<p>Plaquetería domiciliaria modular de alta calidad y perfeccionamiento, proyectada\r\npara atender los más elevados padrones de exigencia de los consumidores del\r\nnuevo milenio.</p>\r\n<hr>\r\n<p class=\"text-center\"><a href=\"http://www.tramontina.com.pe/productos/categorias/1520-materiales-elctricos\" class=\"button--ghost button--small to-center\" target=\"_blank\">Visitar sitio</a></p>','','','','','','','','','','','','','','','','','','','','tramontina.gif','','','','','','','','','','','','','','','','','','','','','','','','','','','','','','','','','','','','','','','',11,9,'2018-06-12 17:05:35','2018-06-12 18:35:48','admin','admin',0),
  (162,1,1,4,'<p>GRIFO Sensetop, Regulación electrónica</p><p>6500W. 220VAC</p><p></p>','','','','','','','','','','','','','','','','','','','','ducha03.jpg','','','','','','','','','','','','','','','','','','','','','','','','','','','','','','','','','','','','','','','',8,9,'2018-06-14 22:45:06','2018-06-14 22:46:02','admin-sicme','admin-sicme',0),
  (163,1,1,25,'<p>Tomacorrientes Universales de 2P+T</p><p>EMA 10-15A. 250VAC</p>','','','','','','','','','','','','','','','','','','','','toma-corriente-universal01.jpg','','','','','','','','','','','','','','','','','','','','','','','','','','','','','','','','','','','','','','','',3,9,'2018-06-16 17:15:49','2018-06-16 17:15:49','admin','admin',0),
  (164,1,1,24,'<p>Producidas en aleación de aluminio, adecuada para:</p>','','','','','','','','','','','','','','','','','','','','','','','','','','','','','','','','','','','','','','','','','','','','','','','','','','','','','','','','','','','',3,3,'2018-06-16 17:16:04','2018-06-16 17:16:04','admin','admin',0),
  (165,1,1,26,'<p>Tomas de Teléfono RJ-11, de Red RJ-45 Cat. 6</p>','','','','','','','','','','','','','','','','','','','','toma-corriente-universal02.jpg','','','','','','','','','','','','','','','','','','','','','','','','','','','','','','','','','','','','','','','',3,9,'2018-06-16 17:16:51','2018-06-16 17:16:51','admin','admin',0),
  (166,1,1,28,'<p>Cajas de distribución de piso para alto tráfico, inyectadas en aleación de aluminio con tapa reversible lisa y anti resbalante, ideales para montaje o equipamientos eléctricos en general.</p>','','','','','','','','','','','','','','','','','','','','','','','','','','','','','','','','','','','','','','','','','','','','','','','','','','','','','','','','','','','',3,3,'2018-06-16 17:23:56','2018-06-16 17:23:56','admin','admin',0),
  (167,1,1,29,'<ul><li>Caja de Paso en Aluminio</li></ul><p>&nbsp; &nbsp; &nbsp;10 X 10 CM - 15 X 15 CM</p>','','','','','','','','','','','','','','','','','','','','alto-trafico01.jpg','','','','','','','','','','','','','','','','','','','','','','','','','','','','','','','','','','','','','','','',3,9,'2018-06-16 17:27:34','2018-06-16 17:29:01','admin','admin',0),
  (168,1,1,30,'<p>Caja de Paso en Aluminio</p>\r\n<ul><li>Caja de Paso en Aluminio</li></ul>\r\n<p>&nbsp; &nbsp; &nbsp;20 X 20 CM - 30 X 30 CM</p>','','','','','','','','','','','','','','','','','','','','alto-trafico02.jpg','','','','','','','','','','','','','','','','','','','','','','','','','','','','','','','','','','','','','','','',3,9,'2018-06-16 17:27:49','2018-06-16 17:29:40','admin','admin',0),
  (169,1,1,32,'<p>Cajas de empotrar para instalación de Placas y distribución, inyectadas en polipropileno resistentes a la abrasión, al impacto y al desgaste.</p>','','','','','','','','','','','','','','','','','','','','','','','','','','','','','','','','','','','','','','','','','','','','','','','','','','','','','','','','','','','',3,3,'2018-06-16 17:33:47','2018-06-16 17:33:47','admin','admin',0),
  (170,1,1,33,'<ul><li>Rectangular 4” x 2”</li><li>Cuadrada 4” X 4”</li><li>Octogonal 3” y 4”</li></ul>','','','','','','','','','','','','','','','','','','','','cajas-empotrar01.jpg','','','','','','','','','','','','','','','','','','','','','','','','','','','','','','','','','','','','','','','',3,9,'2018-06-16 17:44:55','2018-06-16 17:47:28','admin','admin',0),
  (171,1,1,34,'<ul><li>Caja de sobreponer para 1, 2 y 3 Módulos LIZ</li></ul>','','','','','','','','','','','','','','','','','','','','cajas-empotrar02.jpg','','','','','','','','','','','','','','','','','','','','','','','','','','','','','','','','','','','','','','','',3,9,'2018-06-16 17:45:04','2018-06-16 17:47:59','admin','admin',0),
  (172,1,1,14,'<p>Baliza de señalización, especialmente para instalación en puntos elevados como torres, antenas, edificios altos, etc.</p>','','','','','','','','','','','','','','','','','','','','baliza-_se_alizaci_n01.jpg','','','','','','','','','','','','','','','','','','','','','','','','','','','','','','','','','','','','','','','',8,9,'2018-06-16 18:10:14','2018-06-16 18:10:14','admin','admin',0),
  (173,1,1,35,'Clavijas','','','','','','','','','','','','','','','','','','','','','','','','','','','','','','','','','','','','','','','','','','','','','','','','','','','','','','','','','','','',3,8,'2018-06-16 18:26:07','2018-06-16 18:26:07','admin','admin',0),
  (174,1,1,36,'<p class=\"text-left\">Clavijas recta 10 Amp.</p>','','','','','','','','','','','','','','','','','','','','clavija-recta01.jpg','','','','','','','','','','','','','','','','','','','','','','','','','','','','','','','','','','','','','','','',3,9,'2018-06-16 18:26:50','2018-06-16 18:28:19','admin','admin',0),
  (175,1,1,37,'<p>Clavija lateral 10 Amp.</p>','','','','','','','','','','','','','','','','','','','','','','','','','','','','','','','','','','','','','','','','','','','','','','','','','','','','','','','','','','','',3,9,'2018-06-16 18:28:48','2018-06-16 18:28:48','admin','admin',0),
  (176,1,1,5,'<p>Sensetop, Regulación electrónica 6500W. 220VAC</p>','','','','','','','','','','','','','','','','','','','','ducha04.jpg','','','','','','','','','','','','','','','','','','','','','','','','','','','','','','','','','','','','','','','',8,9,'2018-06-18 15:52:24','2018-06-18 15:52:24','admin','admin',0),
  (177,1,1,42,'<p>Para uso con herramientas de jardinería.</p><ul><li>20 Mts.</li></ul>','','','','','','','','','','','','','','','','','','','','extension-electrica01.jpg','','','','','','','','','','','','','','','','','','','','','','','','','','','','','','','','','','','','','','','',3,9,'2018-06-18 16:27:37','2018-06-18 18:01:46','admin','admin',0),
  (178,1,1,44,'<p>Para uso con herramientas de jardinería.</p>\r\n<ul><li>10 Mts.</li></ul>','','','','','','','','','','','','','','','','','','','','extension-electrica03.jpg','','','','','','','','','','','','','','','','','','','','','','','','','','','','','','','','','','','','','','','',3,9,'2018-06-18 16:28:06','2018-06-18 18:02:21','admin','admin',0),
  (179,1,1,43,'<p></p><p>Para uso con herramientas de jardinería.</p>\r\n<ul><li>15 Mts.</li></ul>','','','','','','','','','','','','','','','','','','','','extension-electrica02.jpg','','','','','','','','','','','','','','','','','','','','','','','','','','','','','','','','','','','','','','','',3,9,'2018-06-18 16:29:39','2018-06-18 18:01:58','admin','admin',0),
  (180,1,1,8,'<p>• <strong>APLICACIÓN:</strong> Ideal para conexión de aparatos eléctricos en general, móviles o fijos, como electrodomésticos, herramientas motorizadas y equipamientos que requieren cables de gran flexibilidad y resistencia.<br>• <strong>CONDUCTOR:</strong> Hilos de cobre electrolítico, clase 5.<br>• <strong>AISLAMIENTO:</strong> PVC / D.<br>• <strong>CUBIERTA:</strong> PVC / ST5.<br>• <strong>NORMA TÉCNICA:</strong> NBR NM 247-5, PA NM 247-5 (IEC 60227-5 MOD) e IEC 60227-5, según protocolo de ensayo PE No 2/08 de la SEC.<br>• <strong>SECCIONES (mm) :</strong> Bipolar / Tripolar / Tetrapolar / Pentapolar<br>• Cable Silflex PP Plano 500 V</p>','','','','','','','','','','','','','','','','','','','','cable06.jpg','','','','','','','','','','','','','','','','','','','','','','','','','','','','','','','','','','','','','','','',4,9,'2018-06-18 18:09:34','2018-06-18 18:09:34','admin','admin',0),
  (181,1,1,9,'<p>• APLICACIÓN: Recomendado para instalaciones industriales, comerciales y residenciales de fuerza, en los circuitos alimentadores de subestaciones transformadoras y en redes subterráneas de distribución de energía eléctrica. Es destinado a las instalaciones fijas, pudiendo ser instalado en bandejas, canaletas, electroductos o conductos subterráneos, proporcionando, con la característica de autoextinción del fuego, mayor seguridad.</p><p>• CONDUCTOR: Hilos de cobre electrolítico, clase 4 hasta 6mm2 y clase 5 a partir de 10 mm2.</p><p>• AISLAMIENTO: PVC / A - BWF.</p><p>• CUBIERTA: PVC / ST1 - BWF.</p><p>• NORMA TÉCNICA: NBR 7288.<br>• SECCIONES (mm) : Uniporlar, Bipolar, Tripolar, Tetrapolar.</p>','','','','','','','','','','','','','','','','','','','','cable07.jpg','','','','','','','','','','','','','','','','','','','','','','','','','','','','','','','','','','','','','','','',4,9,'2018-06-18 18:13:55','2018-06-18 18:13:55','admin','admin',0),
  (182,1,1,10,'<p><strong>• APLICACIÓN:</strong> Recomendado para instalaciones aparentes y móviles de aparatos electrodomésticos, para alimentación de iluminación, conexión de equipamientos de audio y vídeo, alargues, ligaciones aparentes y aparatos eléctricos portátiles.</p><p>• <strong>CONDUCTOR:</strong> Hilos de cobre electrolítico, clase 5 y especias suaves.</p><p>• <strong>NORMA TÉCNICA:</strong> NBR NM 247-5 (IEC 60227-5, MOD).</p><p>• <strong>AISLAMIENTO:</strong> PVC/D.</p>','','','','','','','','','','','','','','','','','','','','cable08.jpg','','','','','','','','','','','','','','','','','','','','','','','','','','','','','','','','','','','','','','','',4,9,'2018-06-18 18:24:33','2018-06-18 18:24:33','admin','admin',0),
  (183,1,1,11,'<p>• <strong>APLICACIÓN:</strong> Recomendado para transmisión de audio en sistemas de sonido ambiente y automotriz. Es fabricado con un PVC especial e incoloro, que torna el producto discreto en la instalación.</p><p>• <strong>CONDUCTOR:</strong> Conductores de cables de cobre electrolítico, temple blando, clase de torcido 4.</p><p>• <strong>AISLAMIENTO:</strong> Compuesto termoplástico polivinílico (PVC) tipo cristal, clase térmica 70o C.</p><p>• <strong>NORMAS APLICABLES: NBR NM 280.</strong></p>','','','','','','','','','','','','','','','','','','','','cable09.jpg','','','','','','','','','','','','','','','','','','','','','','','','','','','','','','','','','','','','','','','',4,9,'2018-06-18 18:26:46','2018-06-18 18:26:46','admin','admin',0),
  (184,1,1,12,'Sensores','','','','','','','','','','','','','','','','','','','','','','','','','','','','','','','','','','','','','','','','','','','','','','','','','','','','','','','','','','','',5,8,'2018-06-18 18:33:40','2018-06-18 18:33:40','admin','admin',0),
  (185,1,1,13,'<p>Sensores para empotrar en pared</p>','','','','','','','','','','','','','','','','','','','','','','','','','','','','','','','','','','','','','','','','','','','','','','','','','','','','','','','','','','','',5,9,'2018-06-18 18:34:03','2018-06-18 18:34:03','admin','admin',0);
/*!40000 ALTER TABLE `rex_article_slice` ENABLE KEYS */;
UNLOCK TABLES;

DROP TABLE IF EXISTS `rex_clang`;
CREATE TABLE `rex_clang` (
  `id` int(10) unsigned NOT NULL AUTO_INCREMENT,
  `code` varchar(255) NOT NULL,
  `name` varchar(255) NOT NULL,
  `priority` int(10) unsigned NOT NULL,
  `status` tinyint(1) NOT NULL,
  `revision` int(10) unsigned NOT NULL,
  PRIMARY KEY (`id`)
) ENGINE=InnoDB AUTO_INCREMENT=2 DEFAULT CHARSET=utf8;

LOCK TABLES `rex_clang` WRITE;
/*!40000 ALTER TABLE `rex_clang` DISABLE KEYS */;
INSERT INTO `rex_clang` VALUES 
  (1,'es','español',1,1,0);
/*!40000 ALTER TABLE `rex_clang` ENABLE KEYS */;
UNLOCK TABLES;

DROP TABLE IF EXISTS `rex_config`;
CREATE TABLE `rex_config` (
  `namespace` varchar(75) NOT NULL,
  `key` varchar(255) NOT NULL,
  `value` text NOT NULL,
  PRIMARY KEY (`namespace`,`key`)
) ENGINE=InnoDB DEFAULT CHARSET=utf8;

LOCK TABLES `rex_config` WRITE;
/*!40000 ALTER TABLE `rex_config` DISABLE KEYS */;
INSERT INTO `rex_config` VALUES 
  ('be_style/customizer','codemirror','1'),
  ('be_style/customizer','codemirror-langs','0'),
  ('be_style/customizer','codemirror-tools','0'),
  ('be_style/customizer','codemirror_theme','\"eclipse\"'),
  ('be_style/customizer','labelcolor','\"#43a047\"'),
  ('be_style/customizer','showlink','1'),
  ('core','package-config','{\"backup\":{\"install\":true,\"status\":true},\"be_style\":{\"install\":true,\"status\":true,\"plugins\":{\"customizer\":{\"install\":true,\"status\":false},\"redaxo\":{\"install\":true,\"status\":true}}},\"cronjob\":{\"install\":false,\"status\":false,\"plugins\":{\"article_status\":{\"install\":false,\"status\":false},\"optimize_tables\":{\"install\":false,\"status\":false}}},\"developer\":{\"install\":true,\"status\":true},\"install\":{\"install\":true,\"status\":true},\"media_manager\":{\"install\":true,\"status\":true},\"mediapool\":{\"install\":true,\"status\":true},\"metainfo\":{\"install\":true,\"status\":true},\"multiupload\":{\"install\":true,\"status\":true,\"plugins\":{\"imageoptimizer\":{\"install\":false,\"status\":false},\"upload_precompressor\":{\"install\":false,\"status\":false}}},\"phpmailer\":{\"install\":true,\"status\":true},\"project\":{\"install\":true,\"status\":true},\"quick_navigation\":{\"install\":true,\"status\":true},\"redactor2\":{\"install\":true,\"status\":true},\"structure\":{\"install\":true,\"status\":true,\"plugins\":{\"content\":{\"install\":true,\"status\":true},\"history\":{\"install\":false,\"status\":false},\"version\":{\"install\":false,\"status\":false}}},\"users\":{\"install\":true,\"status\":true},\"yform\":{\"install\":true,\"status\":true,\"plugins\":{\"docs\":{\"install\":true,\"status\":true},\"email\":{\"install\":true,\"status\":true},\"manager\":{\"install\":true,\"status\":true},\"tools\":{\"install\":false,\"status\":false}}},\"yrewrite\":{\"install\":true,\"status\":true}}'),
  ('core','package-order','[\"be_style\",\"be_style\\/redaxo\",\"users\",\"backup\",\"developer\",\"install\",\"media_manager\",\"mediapool\",\"phpmailer\",\"project\",\"redactor2\",\"structure\",\"metainfo\",\"multiupload\",\"quick_navigation\",\"structure\\/content\",\"yform\",\"yform\\/docs\",\"yform\\/email\",\"yform\\/manager\",\"yrewrite\"]'),
  ('core','version','\"5.6.0\"'),
  ('developer','actions','true'),
  ('developer','delete','true'),
  ('developer','dir_suffix','true'),
  ('developer','items','{\"templates\":{\"1\":1528749767,\"2\":1528812122,\"3\":1528558034,\"5\":1528994975,\"6\":1528749790,\"7\":1528814659,\"8\":1528749782,\"9\":1},\"modules\":{\"1\":1528469916,\"2\":1528734338,\"3\":1528231900,\"4\":1528215945,\"5\":1528378843,\"8\":1528303566,\"9\":1529007126,\"10\":1528404893,\"11\":1528555817,\"12\":1528557431,\"13\":1528559365}}'),
  ('developer','modules','true'),
  ('developer','prefix','false'),
  ('developer','rename','true'),
  ('developer','sync_backend','true'),
  ('developer','sync_frontend','true'),
  ('developer','templates','true'),
  ('developer','umlauts','false'),
  ('media_manager','interlace','[\"jpg\"]'),
  ('media_manager','jpg_quality','85'),
  ('media_manager','png_compression','5'),
  ('media_manager','webp_quality','85'),
  ('phpmailer','bcc','\"\"'),
  ('phpmailer','charset','\"utf-8\"'),
  ('phpmailer','confirmto','\"\"'),
  ('phpmailer','encoding','\"8bit\"'),
  ('phpmailer','from','\"\"'),
  ('phpmailer','fromname','\"Mailer\"'),
  ('phpmailer','host','\"localhost\"'),
  ('phpmailer','log','0'),
  ('phpmailer','mailer','\"mail\"'),
  ('phpmailer','password','\"\"'),
  ('phpmailer','port','25'),
  ('phpmailer','priority','0'),
  ('phpmailer','smtpauth','false'),
  ('phpmailer','smtpsecure','\"\"'),
  ('phpmailer','smtp_debug','\"0\"'),
  ('phpmailer','test_address','\"\"'),
  ('phpmailer','username','\"\"'),
  ('phpmailer','wordwrap','120'),
  ('quick_navigation','quicknavi_favs1','[]'),
  ('quick_navigation','quicknavi_ignoreoffline1','1'),
  ('quick_navigation','quicknavi_sked1','0'),
  ('structure','notfound_article_id','1'),
  ('structure','start_article_id','1'),
  ('structure/content','default_template_id','1');
/*!40000 ALTER TABLE `rex_config` ENABLE KEYS */;
UNLOCK TABLES;

DROP TABLE IF EXISTS `rex_media`;
CREATE TABLE `rex_media` (
  `id` int(10) unsigned NOT NULL AUTO_INCREMENT,
  `category_id` int(10) unsigned NOT NULL,
  `attributes` text,
  `filetype` varchar(255) DEFAULT NULL,
  `filename` varchar(255) DEFAULT NULL,
  `originalname` varchar(255) DEFAULT NULL,
  `filesize` varchar(255) DEFAULT NULL,
  `width` int(10) unsigned DEFAULT NULL,
  `height` int(10) unsigned DEFAULT NULL,
  `title` varchar(255) DEFAULT NULL,
  `createdate` datetime NOT NULL,
  `updatedate` datetime NOT NULL,
  `createuser` varchar(255) NOT NULL,
  `updateuser` varchar(255) NOT NULL,
  `revision` int(10) unsigned NOT NULL,
  PRIMARY KEY (`id`),
  KEY `category_id` (`category_id`)
) ENGINE=InnoDB AUTO_INCREMENT=92 DEFAULT CHARSET=utf8;

LOCK TABLES `rex_media` WRITE;
/*!40000 ALTER TABLE `rex_media` DISABLE KEYS */;
INSERT INTO `rex_media` VALUES 
  (6,2,'','image/jpeg','eaton.jpg','eaton.jpg','19012',960,276,'EATON','2018-06-01 23:07:42','2018-06-01 23:28:14','admin','admin',0),
  (7,2,'','image/png','commax.png','commax.png','9051',473,107,'COMMAX - Smart Home & Security','2018-06-01 23:07:42','2018-06-01 23:27:49','admin','admin',0),
  (8,2,'','image/jpeg','frontec.jpg','frontec.jpg','57740',1200,370,'FRONTEC','2018-06-01 23:07:42','2018-06-01 23:26:00','admin','admin',0),
  (9,2,'','image/png','sicme-lighting.png','sicme-lighting.png','12419',451,192,'Sicme - Lighting','2018-06-01 23:07:42','2018-06-01 23:23:54','admin','admin',0),
  (10,2,'','image/jpeg','margirius.jpg','margirius.jpg','58673',1000,1000,'Mar Girius','2018-06-01 23:07:42','2018-06-01 23:21:48','admin','admin',0),
  (11,2,'','image/jpeg','lalux.jpg','lalux.jpg','35278',906,271,'LaLux - Componentes de Iluminación','2018-06-01 23:07:42','2018-06-01 23:20:41','admin','admin',0),
  (12,2,'','image/gif','tramontina.gif','tramontina.gif','8212',484,183,'Tramontina - Materiales Eléctricos','2018-06-01 23:07:42','2018-06-01 23:17:16','admin','admin',0),
  (13,2,'','image/jpeg','sil.jpg','sil.jpg','143848',1046,468,'Sil - Alambres y Cables Eléctricos','2018-06-01 23:07:42','2018-06-05 21:12:22','admin','admin',0),
  (17,1,'','image/jpeg','1.jpg','1.jpg','1421069',2440,2285,'Tramontina - Materiales Eléctricos','2018-06-05 18:34:49','2018-06-05 18:34:49','admin','admin',0),
  (18,1,'','image/png','materiales_electricos.png','Materiales Electricos.png','2224740',2440,2285,'Tramontina - Materiales Eléctricos','2018-06-05 18:46:35','2018-06-05 18:46:35','admin','admin',0),
  (19,1,'','image/png','sil_fios_y_cabos_electricos.png','SIL Fios y Cabos Electricos.png','2864301',2440,2285,'SIL - Alambres y Cables Eléctricos','2018-06-05 18:46:53','2018-06-05 21:28:31','admin','admin',0),
  (20,1,'','image/png','eaton.png','EATON.png','2508581',2440,2285,'EATON - Térmicos Industriales','2018-06-05 22:00:25','2018-06-05 22:00:25','admin','admin',0),
  (21,1,'','image/png','sicme-lighting_1.png','SICME-LIGHTING.png','683789',2200,2285,'SICME - Lighting','2018-06-05 22:08:22','2018-06-05 22:08:22','admin','admin',0),
  (22,1,'','image/png','commax_1.png','COMMAX.png','1624757',2440,2285,'COMMAX - Sistemas de Seguridad','2018-06-05 22:28:40','2018-06-08 14:40:24','admin','admin',0),
  (25,6,'','image/jpeg','placas-domiciliaria.jpg','Placas-domiciliaria.jpg','63755',594,1125,'Placa domiciliaria modular','2018-06-06 22:15:00','2018-06-12 17:00:01','admin','admin',0),
  (26,6,'','image/jpeg','interruptor01.jpg','interruptor01.jpg','16460',470,700,'Interruptor de 10A. 250 VAC','2018-06-06 22:44:59','2018-06-12 17:00:01','admin','admin',0),
  (27,6,'','image/jpeg','toma-corriente01.jpg','toma-corriente01.jpg','20751',470,700,'Tomacorriente Universal','2018-06-06 22:51:12','2018-06-12 17:00:01','admin','admin',0),
  (28,6,'','image/jpeg','placas.jpg','placas.jpg','7074',400,500,'Placa domiciliaria modular','2018-06-06 23:01:14','2018-06-12 17:00:01','admin','admin',0),
  (29,6,'','image/jpeg','interruptor02.jpg','interruptor02.jpg','47443',800,800,'Interruptor Intermediario','2018-06-06 23:06:08','2018-06-12 17:00:00','admin','admin',0),
  (30,6,'','image/jpeg','toma-corriente02.jpg','toma-corriente02.jpg','15386',470,700,'Tomacorriente doble 2P+T universal 10A/15A- 250V~','2018-06-06 23:10:35','2018-06-12 17:00:00','admin','admin',0),
  (31,6,'','image/jpeg','schuko02.jpg','schuko02.jpg','8341',366,454,'Tomacorriente 2P+T schuko 16A 250V~ color grafite','2018-06-06 23:19:52','2018-06-12 17:00:00','admin','admin',0),
  (32,6,'','image/jpeg','schuko01.jpg','schuko01.jpg','17131',470,500,'Tomacorriente schuko - Tramontina','2018-06-06 23:21:48','2018-06-12 17:00:00','admin','admin',0),
  (33,6,'','image/jpeg','tomas-telefono-01.jpg','tomas-telefono-01.jpg','26262',431,744,'Tomas de Teléfono RJ-11, de Red RJ-45 Cat. 6','2018-06-06 23:34:41','2018-06-12 17:00:00','admin','admin',0),
  (34,6,'','image/jpeg','tomas-tv-01.jpg','tomas-tv-01.jpg','10978',431,531,'Tomas TV Coaxial','2018-06-06 23:40:56','2018-06-12 17:00:00','admin','admin',0),
  (35,6,'','image/jpeg','pulsador01.jpg','pulsador01.jpg','9189',431,531,'Pulsador','2018-06-06 23:42:47','2018-06-12 17:00:00','admin','admin',0),
  (36,6,'','image/jpeg','zumbador01.jpg','zumbador01.jpg','9736',431,531,'Zumbador','2018-06-06 23:43:45','2018-06-12 17:00:00','admin','admin',0),
  (37,3,'','image/jpeg','luminaria-tortuga01.jpg','luminaria-tortuga01.jpg','23188',450,500,'Congohas','2018-06-07 17:29:20','2018-06-07 17:29:20','admin','admin',0),
  (38,3,'','image/jpeg','luminaria-tortuga02.jpg','luminaria-tortuga02.jpg','22471',450,500,'Tirandentes','2018-06-07 17:41:32','2018-06-07 17:41:32','admin','admin',0),
  (39,3,'','image/jpeg','luminaria-tortuga03.jpg','luminaria-tortuga03.jpg','25238',450,500,'Mariana','2018-06-07 17:43:15','2018-06-07 17:43:15','admin','admin',0),
  (40,3,'','image/jpeg','luminaria-tortuga05.jpg','luminaria-tortuga05.jpg','20924',450,500,'Diamantina','2018-06-07 17:44:43','2018-06-07 17:45:14','admin','admin',0),
  (41,3,'','image/jpeg','luminaria-tortuga05_1.jpg','luminaria-tortuga05.jpg','24138',450,500,'Sabara','2018-06-07 17:47:59','2018-06-07 17:47:59','admin','admin',0),
  (42,3,'','image/jpeg','luminaria-tortuga06.jpg','luminaria-tortuga06.jpg','27075',450,500,'Ouro preto','2018-06-07 17:48:54','2018-06-07 17:48:54','admin','admin',0),
  (43,3,'','image/jpeg','sockets01.jpg','sockets01.jpg','22910',450,577,' Sockets','2018-06-07 18:23:56','2018-06-07 18:23:56','admin','admin',0),
  (44,3,'','image/jpeg','lampara-espiral01.jpg','lampara-espiral01.jpg','16196',346,577,'Lámpara espiral','2018-06-07 18:31:41','2018-06-07 18:31:41','admin','admin',0),
  (45,3,'','image/jpeg','foco-led01.jpg','foco-led01.jpg','11906',346,577,'Foco Led','2018-06-07 18:32:37','2018-06-07 18:32:37','admin','admin',0),
  (46,5,'','image/jpeg','ducha01.jpg','ducha01.jpg','17695',393,577,'Ducha Senseday','2018-06-07 18:56:49','2018-06-14 22:41:30','admin','admin-sicme',0),
  (47,5,'','image/jpeg','ducha02.jpg','ducha02.jpg','11862',393,577,'Ducha Senseplus','2018-06-07 18:57:46','2018-06-14 22:41:30','admin','admin-sicme',0),
  (48,4,'','image/jpeg','caja-electrica01.jpg','caja-electrica01.jpg','10355',291,435,'','2018-06-08 18:00:24','2018-06-08 18:00:24','admin','admin',0),
  (49,4,'','image/jpeg','caja-electrica03.jpg','caja-electrica03.jpg','8368',230,312,'','2018-06-08 18:00:24','2018-06-08 18:00:24','admin','admin',0),
  (50,4,'','image/jpeg','caja-electrica05.jpg','caja-electrica05.jpg','4903',236,250,'','2018-06-08 18:00:24','2018-06-08 18:00:24','admin','admin',0),
  (51,4,'','image/jpeg','caja-electrica04.jpg','caja-electrica04.jpg','3866',236,227,'','2018-06-08 18:00:24','2018-06-08 18:00:24','admin','admin',0),
  (52,4,'','image/jpeg','caja-electrica02.jpg','caja-electrica02.jpg','7173',291,435,'','2018-06-08 18:00:25','2018-06-08 18:00:25','admin','admin',0),
  (53,5,'','image/jpeg','escalera-metalica-01.jpg','escalera-metalica-01.jpg','19066',315,367,'​​Escalerilla Metálica','2018-06-08 18:28:27','2018-06-08 18:29:32','admin','admin',0),
  (54,5,'','image/jpeg','escalera-metalica-02.jpg','escalera-metalica-02.jpg','20612',315,367,'​Escalerilla Metálica','2018-06-08 18:28:27','2018-06-08 18:28:56','admin','admin',0),
  (55,6,'','image/jpeg','cables-canales-ranurado01.jpg','cables-canales-ranurado01.jpg','22591',250,450,'​Cable Canales Ranurados de PVC​','2018-06-08 18:41:46','2018-06-08 18:42:39','admin','admin',0),
  (56,6,'','image/jpeg','cables-canales-ranurado02.jpg','cables-canales-ranurado02.jpg','22325',367,353,'​Cable Canales Ranurados de PVC​','2018-06-08 18:41:46','2018-06-08 18:42:10','admin','admin',0),
  (57,6,'','image/jpeg','tubos_corrugados01.jpg','Tubos Corrugados01.jpg','30557',420,415,'Tubos corrugados','2018-06-08 18:51:20','2018-06-08 18:51:20','admin','admin',0),
  (58,6,'','image/jpeg','conduits_el_ctricos01.jpg','Conduits Eléctricos01.jpg','31328',420,415,'Conduits Eléctricos','2018-06-08 18:52:19','2018-06-08 18:52:19','admin','admin',0),
  (59,6,'','image/jpeg','terminales-para_cables_electricos01.jpg','terminales-para_cables_electricos01.jpg','37524',787,645,'Terminales para cables eléctricos','2018-06-08 21:43:26','2018-06-08 21:44:02','admin','admin',0),
  (60,6,'','image/jpeg','terminales-para_cables_electricos02.jpg','terminales-para_cables_electricos02.jpg','12645',208,390,'Terminales para cables eléctricos','2018-06-08 21:43:26','2018-06-08 21:44:21','admin','admin',0),
  (61,6,'','image/jpeg','clavijas-industriales01.jpg','clavijas-industriales01.jpg','12662',365,364,'​​Clavijas Industriales','2018-06-08 21:53:37','2018-06-08 21:53:58','admin','admin',0),
  (62,6,'','image/jpeg','clavijas-industriales02.jpg','clavijas-industriales02.jpg','11836',365,364,'Clavijas Industriales','2018-06-08 21:53:37','2018-06-08 21:54:28','admin','admin',0),
  (63,6,'','image/jpeg','aisladores-de-protecci_n01.jpg','aisladores-de-protecci_n01.jpg','12511',457,514,'Aisladores de protección atmosférica','2018-06-08 22:01:47','2018-06-08 22:03:50','admin','admin',0),
  (64,6,'','image/jpeg','pararrayos01.jpg','pararrayos01.jpg','25833',410,589,'Pararrayos','2018-06-08 22:01:47','2018-06-08 22:03:03','admin','admin',0),
  (65,7,'','image/jpeg','automatizaci_n-de-procesos01.jpg','automatizaci_n-de-procesos01.jpg','12328',250,374,'​Botonería de comando','2018-06-08 22:20:47','2018-06-08 22:33:19','admin','admin',0),
  (66,7,'','image/jpeg','programadores-horario01.jpg','programadores-horario01.jpg','17655',312,434,'​Programador Horario​','2018-06-08 22:20:47','2018-06-08 22:31:40','admin','admin',0),
  (67,7,'','image/jpeg','automatizaci_n-de-procesos02.jpg','automatizaci_n-de-procesos02.jpg','7564',150,374,'​Botonería de comando','2018-06-08 22:20:47','2018-06-08 22:32:48','admin','admin',0),
  (68,7,'','image/jpeg','programadores-horario03.jpg','programadores-horario03.jpg','7181',182,256,'​Programador Horario​','2018-06-08 22:20:47','2018-06-08 22:31:13','admin','admin',0),
  (69,7,'','image/jpeg','programadores-horario02.jpg','programadores-horario02.jpg','9736',182,239,'​Programador Horario​','2018-06-08 22:20:47','2018-06-08 22:30:51','admin','admin',0),
  (70,8,'','image/jpeg','cable02.jpg','cable02.jpg','58982',850,746,'Cables flexil 750 V','2018-06-08 23:12:26','2018-06-08 23:24:37','admin','admin',0),
  (71,8,'','image/jpeg','cable04.jpg','cable04.jpg','80730',739,748,'Cables rígidos 750 V','2018-06-08 23:12:26','2018-06-08 23:16:25','admin','admin',0),
  (72,8,'','image/png','cable03.png','cable03.png','305053',741,778,'Cables flexibles SILNAX 0,6/1 KV HEPR 90°C','2018-06-08 23:12:26','2018-06-08 23:54:16','admin','admin',0),
  (73,8,'','image/jpeg','cable01.jpg','cable01.jpg','61322',850,746,'Cables rígido desnudo','2018-06-08 23:12:26','2018-06-08 23:12:55','admin','admin',0),
  (74,8,'','image/jpeg','cable05.jpg','cable05.jpg','73130',697,773,'Cables rígidos SILNAX 0,6/1 KV HEPR 90°C','2018-06-08 23:12:26','2018-06-08 23:19:55','admin','admin',0),
  (75,5,'','image/jpeg','ducha03.jpg','ducha03.jpg','16297',393,577,'GRIFO Sensetop','2018-06-14 22:45:01','2018-06-14 22:45:01','admin-sicme','admin-sicme',0),
  (76,6,'','image/jpeg','toma-corriente-universal01.jpg','toma-corriente-universal01.jpg','19909',446,470,'Tomacorriente Universal','2018-06-16 17:15:24','2018-06-16 17:15:24','admin','admin',0),
  (77,6,'','image/jpeg','toma-corriente-universal02.jpg','toma-corriente-universal02.jpg','31869',551,560,'Tomacorriente Universal','2018-06-16 17:16:30','2018-06-16 17:16:30','admin','admin',0),
  (78,6,'','image/jpeg','alto-trafico01.jpg','alto-trafico01.jpg','27223',321,493,'Caja de Paso en Aluminio','2018-06-16 17:27:32','2018-06-16 17:28:32','admin','admin',0),
  (79,6,'','image/jpeg','alto-trafico02.jpg','alto-trafico02.jpg','22393',375,380,'Caja de Paso en Aluminio','2018-06-16 17:27:48','2018-06-16 17:29:33','admin','admin',0),
  (80,6,'','image/jpeg','cajas-empotrar01.jpg','cajas-empotrar01.jpg','29040',622,555,'Cajas de empotrar para instalación de Placas y distribución','2018-06-16 17:43:55','2018-06-16 17:47:24','admin','admin',0),
  (81,6,'','image/jpeg','cajas-empotrar02.jpg','cajas-empotrar02.jpg','21939',577,512,'Cajas de empotrar para instalación de Placas y distribución','2018-06-16 17:43:55','2018-06-16 17:47:38','admin','admin',0),
  (82,5,'','image/jpeg','baliza-_se_alizaci_n01.jpg','baliza- señalización01.jpg','51173',814,1252,'Baliza de señalización','2018-06-16 18:10:12','2018-06-16 18:10:12','admin','admin',0),
  (83,6,'','image/jpeg','clavija-recta01.jpg','clavija-recta01.jpg','30942',295,785,'Clavijas recta 10','2018-06-16 18:28:07','2018-06-16 18:28:07','admin','admin',0),
  (84,5,'','image/jpeg','ducha04.jpg','ducha04.jpg','13722',393,577,'Sensetop - Regulación electrónica','2018-06-18 15:52:01','2018-06-18 15:52:01','admin','admin',0),
  (85,6,'','image/jpeg','extension-electrica01.jpg','extension-electrica01.jpg','46216',740,500,'Extensión eléctrica de 20m.','2018-06-18 16:26:38','2018-06-18 16:27:30','admin','admin',0),
  (86,6,'','image/jpeg','extension-electrica02.jpg','extension-electrica02.jpg','45447',740,500,'Extensión eléctrica de 15m.','2018-06-18 16:26:38','2018-06-18 16:29:36','admin','admin',0),
  (87,6,'','image/jpeg','extension-electrica03.jpg','extension-electrica03.jpg','36077',740,500,'Extensión eléctrica de 10m.','2018-06-18 16:26:38','2018-06-18 16:28:44','admin','admin',0),
  (88,8,'','image/jpeg','cable06.jpg','cable06.jpg','34153',482,430,'Cables SILFLEX PP 500 V','2018-06-18 18:05:14','2018-06-18 18:05:38','admin','admin',0),
  (89,8,'','image/jpeg','cable07.jpg','cable07.jpg','66716',695,792,'Cables flexibles SILNAX 0.6 / 1 KV','2018-06-18 18:05:14','2018-06-18 18:10:55','admin','admin',0),
  (90,8,'','image/jpeg','cable09.jpg','cable09.jpg','44167',575,565,'Cables cristales polarizados SIL','2018-06-18 18:05:14','2018-06-18 18:25:28','admin','admin',0),
  (91,8,'','image/jpeg','cable08.jpg','cable08.jpg','60522',661,673,'Cordones flexibles paralelos SIL 300 V','2018-06-18 18:05:14','2018-06-18 18:15:41','admin','admin',0);
/*!40000 ALTER TABLE `rex_media` ENABLE KEYS */;
UNLOCK TABLES;

DROP TABLE IF EXISTS `rex_media_category`;
CREATE TABLE `rex_media_category` (
  `id` int(10) unsigned NOT NULL AUTO_INCREMENT,
  `name` varchar(255) NOT NULL,
  `parent_id` int(10) unsigned NOT NULL,
  `path` varchar(255) NOT NULL,
  `createdate` datetime NOT NULL,
  `updatedate` datetime NOT NULL,
  `createuser` varchar(255) NOT NULL,
  `updateuser` varchar(255) NOT NULL,
  `attributes` text,
  `revision` int(10) unsigned NOT NULL,
  PRIMARY KEY (`id`),
  KEY `parent_id` (`parent_id`)
) ENGINE=InnoDB AUTO_INCREMENT=9 DEFAULT CHARSET=utf8;

LOCK TABLES `rex_media_category` WRITE;
/*!40000 ALTER TABLE `rex_media_category` DISABLE KEYS */;
INSERT INTO `rex_media_category` VALUES 
  (1,'Slider-Background',0,'|','2018-06-01 18:02:57','2018-06-01 18:02:57','admin','admin','',0),
  (2,'Proveedores',0,'|','2018-06-01 23:00:33','2018-06-01 23:00:33','admin','admin','',0),
  (3,'Luminarias e iluminación',0,'|','2018-06-07 17:28:35','2018-06-07 17:28:55','admin','admin','',0),
  (4,'Cajas eléctricas',0,'|','2018-06-08 18:00:13','2018-06-08 18:00:13','admin','admin','',0),
  (5,'Otros productos',0,'|','2018-06-08 18:28:13','2018-06-08 18:28:13','admin','admin','',0),
  (6,'Materiales eléctricos',0,'|','2018-06-08 18:41:32','2018-06-08 18:41:32','admin','admin','',0),
  (7,'Automatización y control',0,'|','2018-06-08 22:20:08','2018-06-08 22:20:08','admin','admin','',0),
  (8,'Cables eléctricos',0,'|','2018-06-08 23:12:13','2018-06-08 23:12:13','admin','admin','',0);
/*!40000 ALTER TABLE `rex_media_category` ENABLE KEYS */;
UNLOCK TABLES;

DROP TABLE IF EXISTS `rex_media_manager_type`;
CREATE TABLE `rex_media_manager_type` (
  `id` int(10) unsigned NOT NULL AUTO_INCREMENT,
  `status` int(10) unsigned NOT NULL,
  `name` varchar(255) NOT NULL,
  `description` varchar(255) NOT NULL,
  PRIMARY KEY (`id`),
  UNIQUE KEY `name` (`name`)
) ENGINE=InnoDB AUTO_INCREMENT=11 DEFAULT CHARSET=utf8;

LOCK TABLES `rex_media_manager_type` WRITE;
/*!40000 ALTER TABLE `rex_media_manager_type` DISABLE KEYS */;
INSERT INTO `rex_media_manager_type` VALUES 
  (1,1,'rex_mediapool_detail','Zur Darstellung von Bildern in der Detailansicht im Medienpool'),
  (2,1,'rex_mediapool_maximized','Zur Darstellung von Bildern im Medienpool wenn maximiert'),
  (3,1,'rex_mediapool_preview','Zur Darstellung der Vorschaubilder im Medienpool'),
  (4,1,'rex_mediabutton_preview','Zur Darstellung der Vorschaubilder in REX_MEDIA_BUTTON[]s'),
  (5,1,'rex_medialistbutton_preview','Zur Darstellung der Vorschaubilder in REX_MEDIALIST_BUTTON[]s'),
  (6,0,'sicme-thumb','Imagen de 300px de ancho maximo'),
  (7,0,'sicme-thumb-350','350px de alto'),
  (8,0,'sicme-thumb-150','150px de ancho maximo Thumb'),
  (9,0,'sicme-thumb-850','850px de ancho maximo galleria'),
  (10,0,'sicme-slide','970 de ancho para images del Slider');
/*!40000 ALTER TABLE `rex_media_manager_type` ENABLE KEYS */;
UNLOCK TABLES;

DROP TABLE IF EXISTS `rex_media_manager_type_effect`;
CREATE TABLE `rex_media_manager_type_effect` (
  `id` int(10) unsigned NOT NULL AUTO_INCREMENT,
  `type_id` int(10) unsigned NOT NULL,
  `effect` varchar(255) NOT NULL,
  `parameters` text NOT NULL,
  `priority` int(10) unsigned NOT NULL,
  `updatedate` datetime NOT NULL,
  `updateuser` varchar(255) NOT NULL,
  `createdate` datetime NOT NULL,
  `createuser` varchar(255) NOT NULL,
  PRIMARY KEY (`id`)
) ENGINE=InnoDB AUTO_INCREMENT=11 DEFAULT CHARSET=utf8;

LOCK TABLES `rex_media_manager_type_effect` WRITE;
/*!40000 ALTER TABLE `rex_media_manager_type_effect` DISABLE KEYS */;
INSERT INTO `rex_media_manager_type_effect` VALUES 
  (1,1,'resize','{\"rex_effect_crop\":{\"rex_effect_crop_width\":\"\",\"rex_effect_crop_height\":\"\",\"rex_effect_crop_offset_width\":\"\",\"rex_effect_crop_offset_height\":\"\",\"rex_effect_crop_hpos\":\"center\",\"rex_effect_crop_vpos\":\"middle\"},\"rex_effect_filter_blur\":{\"rex_effect_filter_blur_amount\":\"80\",\"rex_effect_filter_blur_radius\":\"8\",\"rex_effect_filter_blur_threshold\":\"3\"},\"rex_effect_filter_sharpen\":{\"rex_effect_filter_sharpen_amount\":\"80\",\"rex_effect_filter_sharpen_radius\":\"0.5\",\"rex_effect_filter_sharpen_threshold\":\"3\"},\"rex_effect_flip\":{\"rex_effect_flip_flip\":\"X\"},\"rex_effect_header\":{\"rex_effect_header_download\":\"open_media\",\"rex_effect_header_cache\":\"no_cache\"},\"rex_effect_insert_image\":{\"rex_effect_insert_image_brandimage\":\"\",\"rex_effect_insert_image_hpos\":\"left\",\"rex_effect_insert_image_vpos\":\"top\",\"rex_effect_insert_image_padding_x\":\"-10\",\"rex_effect_insert_image_padding_y\":\"-10\"},\"rex_effect_mediapath\":{\"rex_effect_mediapath_mediapath\":\"\"},\"rex_effect_mirror\":{\"rex_effect_mirror_height\":\"\",\"rex_effect_mirror_set_transparent\":\"colored\",\"rex_effect_mirror_bg_r\":\"\",\"rex_effect_mirror_bg_g\":\"\",\"rex_effect_mirror_bg_b\":\"\"},\"rex_effect_resize\":{\"rex_effect_resize_width\":\"200\",\"rex_effect_resize_height\":\"200\",\"rex_effect_resize_style\":\"maximum\",\"rex_effect_resize_allow_enlarge\":\"not_enlarge\"},\"rex_effect_workspace\":{\"rex_effect_workspace_width\":\"\",\"rex_effect_workspace_height\":\"\",\"rex_effect_workspace_hpos\":\"left\",\"rex_effect_workspace_vpos\":\"top\",\"rex_effect_workspace_set_transparent\":\"colored\",\"rex_effect_workspace_bg_r\":\"\",\"rex_effect_workspace_bg_g\":\"\",\"rex_effect_workspace_bg_b\":\"\"}}',1,'0000-00-00 00:00:00','','0000-00-00 00:00:00',''),
  (2,2,'resize','{\"rex_effect_crop\":{\"rex_effect_crop_width\":\"\",\"rex_effect_crop_height\":\"\",\"rex_effect_crop_offset_width\":\"\",\"rex_effect_crop_offset_height\":\"\",\"rex_effect_crop_hpos\":\"center\",\"rex_effect_crop_vpos\":\"middle\"},\"rex_effect_filter_blur\":{\"rex_effect_filter_blur_amount\":\"80\",\"rex_effect_filter_blur_radius\":\"8\",\"rex_effect_filter_blur_threshold\":\"3\"},\"rex_effect_filter_sharpen\":{\"rex_effect_filter_sharpen_amount\":\"80\",\"rex_effect_filter_sharpen_radius\":\"0.5\",\"rex_effect_filter_sharpen_threshold\":\"3\"},\"rex_effect_flip\":{\"rex_effect_flip_flip\":\"X\"},\"rex_effect_header\":{\"rex_effect_header_download\":\"open_media\",\"rex_effect_header_cache\":\"no_cache\"},\"rex_effect_insert_image\":{\"rex_effect_insert_image_brandimage\":\"\",\"rex_effect_insert_image_hpos\":\"left\",\"rex_effect_insert_image_vpos\":\"top\",\"rex_effect_insert_image_padding_x\":\"-10\",\"rex_effect_insert_image_padding_y\":\"-10\"},\"rex_effect_mediapath\":{\"rex_effect_mediapath_mediapath\":\"\"},\"rex_effect_mirror\":{\"rex_effect_mirror_height\":\"\",\"rex_effect_mirror_set_transparent\":\"colored\",\"rex_effect_mirror_bg_r\":\"\",\"rex_effect_mirror_bg_g\":\"\",\"rex_effect_mirror_bg_b\":\"\"},\"rex_effect_resize\":{\"rex_effect_resize_width\":\"600\",\"rex_effect_resize_height\":\"600\",\"rex_effect_resize_style\":\"maximum\",\"rex_effect_resize_allow_enlarge\":\"not_enlarge\"},\"rex_effect_workspace\":{\"rex_effect_workspace_width\":\"\",\"rex_effect_workspace_height\":\"\",\"rex_effect_workspace_hpos\":\"left\",\"rex_effect_workspace_vpos\":\"top\",\"rex_effect_workspace_set_transparent\":\"colored\",\"rex_effect_workspace_bg_r\":\"\",\"rex_effect_workspace_bg_g\":\"\",\"rex_effect_workspace_bg_b\":\"\"}}',1,'0000-00-00 00:00:00','','0000-00-00 00:00:00',''),
  (3,3,'resize','{\"rex_effect_crop\":{\"rex_effect_crop_width\":\"\",\"rex_effect_crop_height\":\"\",\"rex_effect_crop_offset_width\":\"\",\"rex_effect_crop_offset_height\":\"\",\"rex_effect_crop_hpos\":\"center\",\"rex_effect_crop_vpos\":\"middle\"},\"rex_effect_filter_blur\":{\"rex_effect_filter_blur_amount\":\"80\",\"rex_effect_filter_blur_radius\":\"8\",\"rex_effect_filter_blur_threshold\":\"3\"},\"rex_effect_filter_sharpen\":{\"rex_effect_filter_sharpen_amount\":\"80\",\"rex_effect_filter_sharpen_radius\":\"0.5\",\"rex_effect_filter_sharpen_threshold\":\"3\"},\"rex_effect_flip\":{\"rex_effect_flip_flip\":\"X\"},\"rex_effect_header\":{\"rex_effect_header_download\":\"open_media\",\"rex_effect_header_cache\":\"no_cache\"},\"rex_effect_insert_image\":{\"rex_effect_insert_image_brandimage\":\"\",\"rex_effect_insert_image_hpos\":\"left\",\"rex_effect_insert_image_vpos\":\"top\",\"rex_effect_insert_image_padding_x\":\"-10\",\"rex_effect_insert_image_padding_y\":\"-10\"},\"rex_effect_mediapath\":{\"rex_effect_mediapath_mediapath\":\"\"},\"rex_effect_mirror\":{\"rex_effect_mirror_height\":\"\",\"rex_effect_mirror_set_transparent\":\"colored\",\"rex_effect_mirror_bg_r\":\"\",\"rex_effect_mirror_bg_g\":\"\",\"rex_effect_mirror_bg_b\":\"\"},\"rex_effect_resize\":{\"rex_effect_resize_width\":\"80\",\"rex_effect_resize_height\":\"80\",\"rex_effect_resize_style\":\"maximum\",\"rex_effect_resize_allow_enlarge\":\"not_enlarge\"},\"rex_effect_workspace\":{\"rex_effect_workspace_width\":\"\",\"rex_effect_workspace_height\":\"\",\"rex_effect_workspace_hpos\":\"left\",\"rex_effect_workspace_vpos\":\"top\",\"rex_effect_workspace_set_transparent\":\"colored\",\"rex_effect_workspace_bg_r\":\"\",\"rex_effect_workspace_bg_g\":\"\",\"rex_effect_workspace_bg_b\":\"\"}}',1,'0000-00-00 00:00:00','','0000-00-00 00:00:00',''),
  (4,4,'resize','{\"rex_effect_crop\":{\"rex_effect_crop_width\":\"\",\"rex_effect_crop_height\":\"\",\"rex_effect_crop_offset_width\":\"\",\"rex_effect_crop_offset_height\":\"\",\"rex_effect_crop_hpos\":\"center\",\"rex_effect_crop_vpos\":\"middle\"},\"rex_effect_filter_blur\":{\"rex_effect_filter_blur_amount\":\"80\",\"rex_effect_filter_blur_radius\":\"8\",\"rex_effect_filter_blur_threshold\":\"3\"},\"rex_effect_filter_sharpen\":{\"rex_effect_filter_sharpen_amount\":\"80\",\"rex_effect_filter_sharpen_radius\":\"0.5\",\"rex_effect_filter_sharpen_threshold\":\"3\"},\"rex_effect_flip\":{\"rex_effect_flip_flip\":\"X\"},\"rex_effect_header\":{\"rex_effect_header_download\":\"open_media\",\"rex_effect_header_cache\":\"no_cache\"},\"rex_effect_insert_image\":{\"rex_effect_insert_image_brandimage\":\"\",\"rex_effect_insert_image_hpos\":\"left\",\"rex_effect_insert_image_vpos\":\"top\",\"rex_effect_insert_image_padding_x\":\"-10\",\"rex_effect_insert_image_padding_y\":\"-10\"},\"rex_effect_mediapath\":{\"rex_effect_mediapath_mediapath\":\"\"},\"rex_effect_mirror\":{\"rex_effect_mirror_height\":\"\",\"rex_effect_mirror_set_transparent\":\"colored\",\"rex_effect_mirror_bg_r\":\"\",\"rex_effect_mirror_bg_g\":\"\",\"rex_effect_mirror_bg_b\":\"\"},\"rex_effect_resize\":{\"rex_effect_resize_width\":\"246\",\"rex_effect_resize_height\":\"246\",\"rex_effect_resize_style\":\"maximum\",\"rex_effect_resize_allow_enlarge\":\"not_enlarge\"},\"rex_effect_workspace\":{\"rex_effect_workspace_width\":\"\",\"rex_effect_workspace_height\":\"\",\"rex_effect_workspace_hpos\":\"left\",\"rex_effect_workspace_vpos\":\"top\",\"rex_effect_workspace_set_transparent\":\"colored\",\"rex_effect_workspace_bg_r\":\"\",\"rex_effect_workspace_bg_g\":\"\",\"rex_effect_workspace_bg_b\":\"\"}}',1,'0000-00-00 00:00:00','','0000-00-00 00:00:00',''),
  (5,5,'resize','{\"rex_effect_crop\":{\"rex_effect_crop_width\":\"\",\"rex_effect_crop_height\":\"\",\"rex_effect_crop_offset_width\":\"\",\"rex_effect_crop_offset_height\":\"\",\"rex_effect_crop_hpos\":\"center\",\"rex_effect_crop_vpos\":\"middle\"},\"rex_effect_filter_blur\":{\"rex_effect_filter_blur_amount\":\"80\",\"rex_effect_filter_blur_radius\":\"8\",\"rex_effect_filter_blur_threshold\":\"3\"},\"rex_effect_filter_sharpen\":{\"rex_effect_filter_sharpen_amount\":\"80\",\"rex_effect_filter_sharpen_radius\":\"0.5\",\"rex_effect_filter_sharpen_threshold\":\"3\"},\"rex_effect_flip\":{\"rex_effect_flip_flip\":\"X\"},\"rex_effect_header\":{\"rex_effect_header_download\":\"open_media\",\"rex_effect_header_cache\":\"no_cache\"},\"rex_effect_insert_image\":{\"rex_effect_insert_image_brandimage\":\"\",\"rex_effect_insert_image_hpos\":\"left\",\"rex_effect_insert_image_vpos\":\"top\",\"rex_effect_insert_image_padding_x\":\"-10\",\"rex_effect_insert_image_padding_y\":\"-10\"},\"rex_effect_mediapath\":{\"rex_effect_mediapath_mediapath\":\"\"},\"rex_effect_mirror\":{\"rex_effect_mirror_height\":\"\",\"rex_effect_mirror_set_transparent\":\"colored\",\"rex_effect_mirror_bg_r\":\"\",\"rex_effect_mirror_bg_g\":\"\",\"rex_effect_mirror_bg_b\":\"\"},\"rex_effect_resize\":{\"rex_effect_resize_width\":\"246\",\"rex_effect_resize_height\":\"246\",\"rex_effect_resize_style\":\"maximum\",\"rex_effect_resize_allow_enlarge\":\"not_enlarge\"},\"rex_effect_workspace\":{\"rex_effect_workspace_width\":\"\",\"rex_effect_workspace_height\":\"\",\"rex_effect_workspace_hpos\":\"left\",\"rex_effect_workspace_vpos\":\"top\",\"rex_effect_workspace_set_transparent\":\"colored\",\"rex_effect_workspace_bg_r\":\"\",\"rex_effect_workspace_bg_g\":\"\",\"rex_effect_workspace_bg_b\":\"\"}}',1,'0000-00-00 00:00:00','','0000-00-00 00:00:00',''),
  (6,6,'resize','{\"rex_effect_filter_brightness\":{\"rex_effect_filter_brightness_brightness\":\"\"},\"rex_effect_filter_contrast\":{\"rex_effect_filter_contrast_contrast\":\"\"},\"rex_effect_flip\":{\"rex_effect_flip_flip\":\"X\"},\"rex_effect_rotate\":{\"rex_effect_rotate_rotate\":\"0\"},\"rex_effect_mediapath\":{\"rex_effect_mediapath_mediapath\":\"\"},\"rex_effect_filter_blur\":{\"rex_effect_filter_blur_repeats\":\"10\",\"rex_effect_filter_blur_type\":\"gaussian\",\"rex_effect_filter_blur_smoothit\":\"\"},\"rex_effect_filter_colorize\":{\"rex_effect_filter_colorize_filter_r\":\"\",\"rex_effect_filter_colorize_filter_g\":\"\",\"rex_effect_filter_colorize_filter_b\":\"\"},\"rex_effect_convert2img\":{\"rex_effect_convert2img_convert_to\":\"jpg\",\"rex_effect_convert2img_density\":\"150\"},\"rex_effect_crop\":{\"rex_effect_crop_width\":\"\",\"rex_effect_crop_height\":\"\",\"rex_effect_crop_offset_width\":\"\",\"rex_effect_crop_offset_height\":\"\",\"rex_effect_crop_hpos\":\"center\",\"rex_effect_crop_vpos\":\"middle\"},\"rex_effect_header\":{\"rex_effect_header_download\":\"open_media\",\"rex_effect_header_cache\":\"no_cache\"},\"rex_effect_image_properties\":{\"rex_effect_image_properties_jpg_quality\":\"\",\"rex_effect_image_properties_png_compression\":\"\",\"rex_effect_image_properties_webp_quality\":\"\",\"rex_effect_image_properties_interlace\":null},\"rex_effect_insert_image\":{\"rex_effect_insert_image_brandimage\":\"\",\"rex_effect_insert_image_hpos\":\"left\",\"rex_effect_insert_image_vpos\":\"top\",\"rex_effect_insert_image_padding_x\":\"-10\",\"rex_effect_insert_image_padding_y\":\"-10\"},\"rex_effect_mirror\":{\"rex_effect_mirror_height\":\"\",\"rex_effect_mirror_set_transparent\":\"colored\",\"rex_effect_mirror_bg_r\":\"\",\"rex_effect_mirror_bg_g\":\"\",\"rex_effect_mirror_bg_b\":\"\"},\"rex_effect_resize\":{\"rex_effect_resize_width\":\"300\",\"rex_effect_resize_height\":\"\",\"rex_effect_resize_style\":\"maximum\",\"rex_effect_resize_allow_enlarge\":\"enlarge\"},\"rex_effect_rounded_corners\":{\"rex_effect_rounded_corners_topleft\":\"\",\"rex_effect_rounded_corners_topright\":\"\",\"rex_effect_rounded_corners_bottomleft\":\"\",\"rex_effect_rounded_corners_bottomright\":\"\"},\"rex_effect_filter_sharpen\":{\"rex_effect_filter_sharpen_amount\":\"80\",\"rex_effect_filter_sharpen_radius\":\"0.5\",\"rex_effect_filter_sharpen_threshold\":\"3\"},\"rex_effect_workspace\":{\"rex_effect_workspace_width\":\"\",\"rex_effect_workspace_height\":\"\",\"rex_effect_workspace_hpos\":\"left\",\"rex_effect_workspace_vpos\":\"top\",\"rex_effect_workspace_set_transparent\":\"colored\",\"rex_effect_workspace_bg_r\":\"\",\"rex_effect_workspace_bg_g\":\"\",\"rex_effect_workspace_bg_b\":\"\"}}',1,'2018-06-01 23:07:02','admin','2018-06-01 23:07:02','admin'),
  (7,7,'resize','{\"rex_effect_convert2img\":{\"rex_effect_convert2img_convert_to\":\"jpg\",\"rex_effect_convert2img_density\":\"150\"},\"rex_effect_header\":{\"rex_effect_header_download\":\"open_media\",\"rex_effect_header_cache\":\"no_cache\"},\"rex_effect_filter_brightness\":{\"rex_effect_filter_brightness_brightness\":\"\"},\"rex_effect_filter_contrast\":{\"rex_effect_filter_contrast_contrast\":\"\"},\"rex_effect_flip\":{\"rex_effect_flip_flip\":\"X\"},\"rex_effect_crop\":{\"rex_effect_crop_width\":\"\",\"rex_effect_crop_height\":\"\",\"rex_effect_crop_offset_width\":\"\",\"rex_effect_crop_offset_height\":\"\",\"rex_effect_crop_hpos\":\"center\",\"rex_effect_crop_vpos\":\"middle\"},\"rex_effect_filter_sharpen\":{\"rex_effect_filter_sharpen_amount\":\"80\",\"rex_effect_filter_sharpen_radius\":\"0.5\",\"rex_effect_filter_sharpen_threshold\":\"3\"},\"rex_effect_mirror\":{\"rex_effect_mirror_height\":\"\",\"rex_effect_mirror_set_transparent\":\"colored\",\"rex_effect_mirror_bg_r\":\"\",\"rex_effect_mirror_bg_g\":\"\",\"rex_effect_mirror_bg_b\":\"\"},\"rex_effect_filter_colorize\":{\"rex_effect_filter_colorize_filter_r\":\"\",\"rex_effect_filter_colorize_filter_g\":\"\",\"rex_effect_filter_colorize_filter_b\":\"\"},\"rex_effect_image_properties\":{\"rex_effect_image_properties_jpg_quality\":\"\",\"rex_effect_image_properties_png_compression\":\"\",\"rex_effect_image_properties_webp_quality\":\"\",\"rex_effect_image_properties_interlace\":null},\"rex_effect_filter_blur\":{\"rex_effect_filter_blur_repeats\":\"10\",\"rex_effect_filter_blur_type\":\"gaussian\",\"rex_effect_filter_blur_smoothit\":\"\"},\"rex_effect_resize\":{\"rex_effect_resize_width\":\"\",\"rex_effect_resize_height\":\"350\",\"rex_effect_resize_style\":\"maximum\",\"rex_effect_resize_allow_enlarge\":\"enlarge\"},\"rex_effect_workspace\":{\"rex_effect_workspace_width\":\"\",\"rex_effect_workspace_height\":\"\",\"rex_effect_workspace_hpos\":\"left\",\"rex_effect_workspace_vpos\":\"top\",\"rex_effect_workspace_set_transparent\":\"colored\",\"rex_effect_workspace_bg_r\":\"\",\"rex_effect_workspace_bg_g\":\"\",\"rex_effect_workspace_bg_b\":\"\"},\"rex_effect_rounded_corners\":{\"rex_effect_rounded_corners_topleft\":\"\",\"rex_effect_rounded_corners_topright\":\"\",\"rex_effect_rounded_corners_bottomleft\":\"\",\"rex_effect_rounded_corners_bottomright\":\"\"},\"rex_effect_insert_image\":{\"rex_effect_insert_image_brandimage\":\"\",\"rex_effect_insert_image_hpos\":\"left\",\"rex_effect_insert_image_vpos\":\"top\",\"rex_effect_insert_image_padding_x\":\"-10\",\"rex_effect_insert_image_padding_y\":\"-10\"},\"rex_effect_rotate\":{\"rex_effect_rotate_rotate\":\"0\"},\"rex_effect_mediapath\":{\"rex_effect_mediapath_mediapath\":\"\"}}',1,'2018-06-06 00:03:53','admin','2018-06-06 00:03:53','admin'),
  (8,8,'resize','{\"rex_effect_convert2img\":{\"rex_effect_convert2img_convert_to\":\"jpg\",\"rex_effect_convert2img_density\":\"150\"},\"rex_effect_header\":{\"rex_effect_header_download\":\"open_media\",\"rex_effect_header_cache\":\"no_cache\"},\"rex_effect_filter_brightness\":{\"rex_effect_filter_brightness_brightness\":\"\"},\"rex_effect_filter_contrast\":{\"rex_effect_filter_contrast_contrast\":\"\"},\"rex_effect_flip\":{\"rex_effect_flip_flip\":\"X\"},\"rex_effect_crop\":{\"rex_effect_crop_width\":\"\",\"rex_effect_crop_height\":\"\",\"rex_effect_crop_offset_width\":\"\",\"rex_effect_crop_offset_height\":\"\",\"rex_effect_crop_hpos\":\"center\",\"rex_effect_crop_vpos\":\"middle\"},\"rex_effect_filter_sharpen\":{\"rex_effect_filter_sharpen_amount\":\"80\",\"rex_effect_filter_sharpen_radius\":\"0.5\",\"rex_effect_filter_sharpen_threshold\":\"3\"},\"rex_effect_mirror\":{\"rex_effect_mirror_height\":\"\",\"rex_effect_mirror_set_transparent\":\"colored\",\"rex_effect_mirror_bg_r\":\"\",\"rex_effect_mirror_bg_g\":\"\",\"rex_effect_mirror_bg_b\":\"\"},\"rex_effect_filter_colorize\":{\"rex_effect_filter_colorize_filter_r\":\"\",\"rex_effect_filter_colorize_filter_g\":\"\",\"rex_effect_filter_colorize_filter_b\":\"\"},\"rex_effect_image_properties\":{\"rex_effect_image_properties_jpg_quality\":\"\",\"rex_effect_image_properties_png_compression\":\"\",\"rex_effect_image_properties_webp_quality\":\"\",\"rex_effect_image_properties_interlace\":null},\"rex_effect_filter_blur\":{\"rex_effect_filter_blur_repeats\":\"10\",\"rex_effect_filter_blur_type\":\"gaussian\",\"rex_effect_filter_blur_smoothit\":\"\"},\"rex_effect_resize\":{\"rex_effect_resize_width\":\"150\",\"rex_effect_resize_height\":\"\",\"rex_effect_resize_style\":\"maximum\",\"rex_effect_resize_allow_enlarge\":\"enlarge\"},\"rex_effect_workspace\":{\"rex_effect_workspace_width\":\"\",\"rex_effect_workspace_height\":\"\",\"rex_effect_workspace_hpos\":\"left\",\"rex_effect_workspace_vpos\":\"top\",\"rex_effect_workspace_set_transparent\":\"colored\",\"rex_effect_workspace_bg_r\":\"\",\"rex_effect_workspace_bg_g\":\"\",\"rex_effect_workspace_bg_b\":\"\"},\"rex_effect_rounded_corners\":{\"rex_effect_rounded_corners_topleft\":\"\",\"rex_effect_rounded_corners_topright\":\"\",\"rex_effect_rounded_corners_bottomleft\":\"\",\"rex_effect_rounded_corners_bottomright\":\"\"},\"rex_effect_insert_image\":{\"rex_effect_insert_image_brandimage\":\"\",\"rex_effect_insert_image_hpos\":\"left\",\"rex_effect_insert_image_vpos\":\"top\",\"rex_effect_insert_image_padding_x\":\"-10\",\"rex_effect_insert_image_padding_y\":\"-10\"},\"rex_effect_rotate\":{\"rex_effect_rotate_rotate\":\"0\"},\"rex_effect_mediapath\":{\"rex_effect_mediapath_mediapath\":\"\"}}',1,'2018-06-06 21:57:03','admin','2018-06-06 21:57:03','admin'),
  (9,9,'resize','{\"rex_effect_convert2img\":{\"rex_effect_convert2img_convert_to\":\"jpg\",\"rex_effect_convert2img_density\":\"150\"},\"rex_effect_header\":{\"rex_effect_header_download\":\"open_media\",\"rex_effect_header_cache\":\"no_cache\"},\"rex_effect_filter_brightness\":{\"rex_effect_filter_brightness_brightness\":\"\"},\"rex_effect_filter_contrast\":{\"rex_effect_filter_contrast_contrast\":\"\"},\"rex_effect_flip\":{\"rex_effect_flip_flip\":\"X\"},\"rex_effect_crop\":{\"rex_effect_crop_width\":\"\",\"rex_effect_crop_height\":\"\",\"rex_effect_crop_offset_width\":\"\",\"rex_effect_crop_offset_height\":\"\",\"rex_effect_crop_hpos\":\"center\",\"rex_effect_crop_vpos\":\"middle\"},\"rex_effect_filter_sharpen\":{\"rex_effect_filter_sharpen_amount\":\"80\",\"rex_effect_filter_sharpen_radius\":\"0.5\",\"rex_effect_filter_sharpen_threshold\":\"3\"},\"rex_effect_mirror\":{\"rex_effect_mirror_height\":\"\",\"rex_effect_mirror_set_transparent\":\"colored\",\"rex_effect_mirror_bg_r\":\"\",\"rex_effect_mirror_bg_g\":\"\",\"rex_effect_mirror_bg_b\":\"\"},\"rex_effect_filter_colorize\":{\"rex_effect_filter_colorize_filter_r\":\"\",\"rex_effect_filter_colorize_filter_g\":\"\",\"rex_effect_filter_colorize_filter_b\":\"\"},\"rex_effect_image_properties\":{\"rex_effect_image_properties_jpg_quality\":\"\",\"rex_effect_image_properties_png_compression\":\"\",\"rex_effect_image_properties_webp_quality\":\"\",\"rex_effect_image_properties_interlace\":null},\"rex_effect_filter_blur\":{\"rex_effect_filter_blur_repeats\":\"10\",\"rex_effect_filter_blur_type\":\"gaussian\",\"rex_effect_filter_blur_smoothit\":\"\"},\"rex_effect_resize\":{\"rex_effect_resize_width\":\"850\",\"rex_effect_resize_height\":\"\",\"rex_effect_resize_style\":\"maximum\",\"rex_effect_resize_allow_enlarge\":\"enlarge\"},\"rex_effect_workspace\":{\"rex_effect_workspace_width\":\"\",\"rex_effect_workspace_height\":\"\",\"rex_effect_workspace_hpos\":\"left\",\"rex_effect_workspace_vpos\":\"top\",\"rex_effect_workspace_set_transparent\":\"colored\",\"rex_effect_workspace_bg_r\":\"\",\"rex_effect_workspace_bg_g\":\"\",\"rex_effect_workspace_bg_b\":\"\"},\"rex_effect_rounded_corners\":{\"rex_effect_rounded_corners_topleft\":\"\",\"rex_effect_rounded_corners_topright\":\"\",\"rex_effect_rounded_corners_bottomleft\":\"\",\"rex_effect_rounded_corners_bottomright\":\"\"},\"rex_effect_insert_image\":{\"rex_effect_insert_image_brandimage\":\"\",\"rex_effect_insert_image_hpos\":\"left\",\"rex_effect_insert_image_vpos\":\"top\",\"rex_effect_insert_image_padding_x\":\"-10\",\"rex_effect_insert_image_padding_y\":\"-10\"},\"rex_effect_rotate\":{\"rex_effect_rotate_rotate\":\"0\"},\"rex_effect_mediapath\":{\"rex_effect_mediapath_mediapath\":\"\"}}',1,'2018-06-06 21:58:14','admin','2018-06-06 21:58:14','admin'),
  (10,10,'resize','{\"rex_effect_convert2img\":{\"rex_effect_convert2img_convert_to\":\"jpg\",\"rex_effect_convert2img_density\":\"150\"},\"rex_effect_header\":{\"rex_effect_header_download\":\"open_media\",\"rex_effect_header_cache\":\"no_cache\"},\"rex_effect_filter_brightness\":{\"rex_effect_filter_brightness_brightness\":\"\"},\"rex_effect_filter_contrast\":{\"rex_effect_filter_contrast_contrast\":\"\"},\"rex_effect_flip\":{\"rex_effect_flip_flip\":\"X\"},\"rex_effect_crop\":{\"rex_effect_crop_width\":\"\",\"rex_effect_crop_height\":\"\",\"rex_effect_crop_offset_width\":\"\",\"rex_effect_crop_offset_height\":\"\",\"rex_effect_crop_hpos\":\"center\",\"rex_effect_crop_vpos\":\"middle\"},\"rex_effect_filter_sharpen\":{\"rex_effect_filter_sharpen_amount\":\"80\",\"rex_effect_filter_sharpen_radius\":\"0.5\",\"rex_effect_filter_sharpen_threshold\":\"3\"},\"rex_effect_mirror\":{\"rex_effect_mirror_height\":\"\",\"rex_effect_mirror_set_transparent\":\"colored\",\"rex_effect_mirror_bg_r\":\"\",\"rex_effect_mirror_bg_g\":\"\",\"rex_effect_mirror_bg_b\":\"\"},\"rex_effect_filter_colorize\":{\"rex_effect_filter_colorize_filter_r\":\"\",\"rex_effect_filter_colorize_filter_g\":\"\",\"rex_effect_filter_colorize_filter_b\":\"\"},\"rex_effect_image_properties\":{\"rex_effect_image_properties_jpg_quality\":\"\",\"rex_effect_image_properties_png_compression\":\"\",\"rex_effect_image_properties_webp_quality\":\"\",\"rex_effect_image_properties_interlace\":null},\"rex_effect_filter_blur\":{\"rex_effect_filter_blur_repeats\":\"10\",\"rex_effect_filter_blur_type\":\"gaussian\",\"rex_effect_filter_blur_smoothit\":\"\"},\"rex_effect_resize\":{\"rex_effect_resize_width\":\"970\",\"rex_effect_resize_height\":\"\",\"rex_effect_resize_style\":\"maximum\",\"rex_effect_resize_allow_enlarge\":\"enlarge\"},\"rex_effect_workspace\":{\"rex_effect_workspace_width\":\"\",\"rex_effect_workspace_height\":\"\",\"rex_effect_workspace_hpos\":\"left\",\"rex_effect_workspace_vpos\":\"top\",\"rex_effect_workspace_set_transparent\":\"colored\",\"rex_effect_workspace_bg_r\":\"\",\"rex_effect_workspace_bg_g\":\"\",\"rex_effect_workspace_bg_b\":\"\"},\"rex_effect_rounded_corners\":{\"rex_effect_rounded_corners_topleft\":\"\",\"rex_effect_rounded_corners_topright\":\"\",\"rex_effect_rounded_corners_bottomleft\":\"\",\"rex_effect_rounded_corners_bottomright\":\"\"},\"rex_effect_insert_image\":{\"rex_effect_insert_image_brandimage\":\"\",\"rex_effect_insert_image_hpos\":\"left\",\"rex_effect_insert_image_vpos\":\"top\",\"rex_effect_insert_image_padding_x\":\"-10\",\"rex_effect_insert_image_padding_y\":\"-10\"},\"rex_effect_rotate\":{\"rex_effect_rotate_rotate\":\"0\"},\"rex_effect_mediapath\":{\"rex_effect_mediapath_mediapath\":\"\"}}',1,'2018-06-08 16:56:37','admin','2018-06-08 16:56:37','admin');
/*!40000 ALTER TABLE `rex_media_manager_type_effect` ENABLE KEYS */;
UNLOCK TABLES;

DROP TABLE IF EXISTS `rex_metainfo_field`;
CREATE TABLE `rex_metainfo_field` (
  `id` int(10) unsigned NOT NULL AUTO_INCREMENT,
  `title` varchar(255) DEFAULT NULL,
  `name` varchar(255) DEFAULT NULL,
  `priority` int(10) unsigned NOT NULL,
  `attributes` text NOT NULL,
  `type_id` int(10) unsigned DEFAULT NULL,
  `default` varchar(255) NOT NULL,
  `params` text,
  `validate` text,
  `callback` text,
  `restrictions` text,
  `createuser` varchar(255) NOT NULL,
  `createdate` datetime NOT NULL,
  `updateuser` varchar(255) NOT NULL,
  `updatedate` datetime NOT NULL,
  PRIMARY KEY (`id`),
  UNIQUE KEY `name` (`name`)
) ENGINE=InnoDB DEFAULT CHARSET=utf8;
DROP TABLE IF EXISTS `rex_metainfo_type`;
CREATE TABLE `rex_metainfo_type` (
  `id` int(10) unsigned NOT NULL AUTO_INCREMENT,
  `label` varchar(255) DEFAULT NULL,
  `dbtype` varchar(255) NOT NULL,
  `dblength` int(11) NOT NULL,
  PRIMARY KEY (`id`)
) ENGINE=InnoDB AUTO_INCREMENT=14 DEFAULT CHARSET=utf8;

LOCK TABLES `rex_metainfo_type` WRITE;
/*!40000 ALTER TABLE `rex_metainfo_type` DISABLE KEYS */;
INSERT INTO `rex_metainfo_type` VALUES 
  (1,'text','text',0),
  (2,'textarea','text',0),
  (3,'select','varchar',255),
  (4,'radio','varchar',255),
  (5,'checkbox','varchar',255),
  (6,'REX_MEDIA_WIDGET','varchar',255),
  (7,'REX_MEDIALIST_WIDGET','text',0),
  (8,'REX_LINK_WIDGET','varchar',255),
  (9,'REX_LINKLIST_WIDGET','text',0),
  (10,'date','text',0),
  (11,'datetime','text',0),
  (12,'legend','text',0),
  (13,'time','text',0);
/*!40000 ALTER TABLE `rex_metainfo_type` ENABLE KEYS */;
UNLOCK TABLES;

DROP TABLE IF EXISTS `rex_module`;
CREATE TABLE `rex_module` (
  `id` int(10) unsigned NOT NULL AUTO_INCREMENT,
  `name` varchar(255) NOT NULL,
  `output` mediumtext NOT NULL,
  `input` mediumtext NOT NULL,
  `createuser` varchar(255) NOT NULL,
  `updateuser` varchar(255) NOT NULL,
  `createdate` datetime NOT NULL,
  `updatedate` datetime NOT NULL,
  `attributes` text,
  `revision` int(10) unsigned NOT NULL,
  PRIMARY KEY (`id`)
) ENGINE=InnoDB AUTO_INCREMENT=14 DEFAULT CHARSET=utf8;

LOCK TABLES `rex_module` WRITE;
/*!40000 ALTER TABLE `rex_module` DISABLE KEYS */;
INSERT INTO `rex_module` VALUES 
  (1,'01.Slider','<?php\r\n  /*Obtencion de id para titulo de imagen*/\r\n  $media1 = rex_media::get(\'REX_MEDIA[1]\');\r\n  $media2 = rex_media::get(\'REX_MEDIA[2]\');\r\n  $media3 = rex_media::get(\'REX_MEDIA[3]\');\r\n  $media4 = rex_media::get(\'REX_MEDIA[4]\');\r\n  $media5 = rex_media::get(\'REX_MEDIA[5]\');\r\n  $media6 = rex_media::get(\'REX_MEDIA[6]\');\r\n  /* Resize imagen */\r\n  $mediatype = \'sicme-slide\';\r\n  if (\"REX_MEDIA[1]\" != \'\'){\r\n    $imagen1 = \'index.php?rex_media_type=\' . $mediatype . \'&rex_media_file=REX_MEDIA[1]\';\r\n  }else{\r\n    $imagen1 = \'\';\r\n  }\r\n  if (\"REX_MEDIA[2]\" != \'\'){\r\n    $imagen2 = \'index.php?rex_media_type=\' . $mediatype . \'&rex_media_file=REX_MEDIA[2]\';\r\n  }else{\r\n    $imagen2 = \'\';\r\n  }\r\n  if (\"REX_MEDIA[3]\" != \'\'){\r\n    $imagen3 = \'index.php?rex_media_type=\' . $mediatype . \'&rex_media_file=REX_MEDIA[3]\';\r\n  }else{\r\n    $imagen3 = \'\';\r\n  }\r\n  if (\"REX_MEDIA[4]\" != \'\'){\r\n    $imagen4 = \'index.php?rex_media_type=\' . $mediatype . \'&rex_media_file=REX_MEDIA[4]\';\r\n  }else{\r\n    $imagen4 = \'\';\r\n  }\r\n  if (\"REX_MEDIA[5]\" != \'\'){\r\n    $imagen5 = \'index.php?rex_media_type=\' . $mediatype . \'&rex_media_file=REX_MEDIA[5]\';\r\n  }else{\r\n    $imagen5 = \'\';\r\n  }\r\n  if (\"REX_MEDIA[6]\" != \'\'){\r\n    $imagen6 = \'index.php?rex_media_type=\' . $mediatype . \'&rex_media_file=REX_MEDIA[6]\';\r\n  }else{\r\n    $imagen6 = \'\';\r\n  }\r\n?>\r\n<ul class=\"cb-slideshow cb-slideshow-relative\">\r\n  <li>\r\n<span style=\"background-image: url(\'<?= $imagen1; ?>\');\"><?php if ($media1 instanceof rex_media) { echo $media1->getTitle();}?></span>\r\n    <div>\r\n      <h2><?php if ($media1 instanceof rex_media) { echo $media1->getTitle();}?></h2>\r\n    </div>\r\n  </li>\r\n  <li>\r\n<span style=\"background-image: url(\'<?= $imagen2; ?>\');\"><?php if ($media1 instanceof rex_media) { echo $media1->getTitle();}?></span>\r\n    <div>\r\n      <h2><?php if ($media2 instanceof rex_media) { echo $media2->getTitle();}?></h2>\r\n    </div>\r\n  </li>\r\n  <li>\r\n<span style=\"background-image: url(\'<?= $imagen3; ?>\');\"><?php if ($media1 instanceof rex_media) { echo $media1->getTitle();}?></span>\r\n    <div>\r\n      <h2><?php if ($media3 instanceof rex_media) { echo $media3->getTitle();}?></h2>\r\n    </div>\r\n  </li>\r\n  <li>\r\n<span style=\"background-image: url(\'<?= $imagen4; ?>\');\"><?php if ($media1 instanceof rex_media) { echo $media1->getTitle();}?></span>\r\n    <div>\r\n      <h2><?php if ($media4 instanceof rex_media) { echo $media4->getTitle();}?></h2>\r\n    </div>\r\n  </li>\r\n  <li>\r\n<span style=\"background-image: url(\'<?= $imagen5; ?>\');\"><?php if ($media1 instanceof rex_media) { echo $media1->getTitle();}?></span>\r\n    <div>\r\n      <h2><?php if ($media5 instanceof rex_media) { echo $media5->getTitle();}?></h2>\r\n    </div>\r\n  </li>\r\n  <li>\r\n<span style=\"background-image: url(\'<?= $imagen6; ?>\');\"><?php if ($media1 instanceof rex_media) { echo $media1->getTitle();}?></span>\r\n    <div>\r\n      <h2><?php if ($media6 instanceof rex_media) { echo $media6->getTitle();}?></h2>\r\n    </div>\r\n  </li>\r\n</ul>','<?php\r\n  /*Obtencion de id para titulo de imagen*/\r\n  $media1 = rex_media::get(\'REX_MEDIA[1]\');\r\n  $media2 = rex_media::get(\'REX_MEDIA[2]\');\r\n  $media3 = rex_media::get(\'REX_MEDIA[3]\');\r\n  $media4 = rex_media::get(\'REX_MEDIA[4]\');\r\n  $media5 = rex_media::get(\'REX_MEDIA[5]\');\r\n  $media6 = rex_media::get(\'REX_MEDIA[6]\');\r\n  ?>\r\n<fieldset>\r\n  <input type=\"hidden\" name=\"save\" value=\"1\">\r\n  <input type=\"hidden\" name=\"ctype\" value=\"1\">\r\n  <p>Agregar imagenes para el fondo de pantalla</p>\r\n  <dl class=\"rex-form-group form-group\">\r\n    <dt>\r\n      <label for=\"rex-id-meta-article-name\">Titulo del Slide:</label>\r\n    </dt>\r\n    <dd>\r\n      <p>\r\n        <?php if ($media1 instanceof rex_media) { echo $media1->getTitle();} ?>\r\n      </p>\r\n    </dd>\r\n  </dl>\r\n  <dl class=\"rex-form-group form-group\">\r\n    <dt>\r\n      <label for=\"rex-id-meta-article-name\">Imagen de Fondo: </label>\r\n    </dt>\r\n    <dd>REX_MEDIA[id=1 widget=1]</dd>\r\n  </dl>\r\n\r\n  <hr>\r\n\r\n  <dl class=\"rex-form-group form-group\">\r\n    <dt>\r\n      <label for=\"rex-id-meta-article-name\">Titulo del Slide:</label>\r\n    </dt>\r\n    <dd>\r\n      <p>\r\n        <?php if ($media2 instanceof rex_media) { echo $media2->getTitle();} ?>\r\n      </p>\r\n    </dd>\r\n  </dl>\r\n  <dl class=\"rex-form-group form-group\">\r\n    <dt>\r\n      <label for=\"rex-id-meta-article-name\">Imagen de Fondo: </label>\r\n    </dt>\r\n    <dd>REX_MEDIA[id=2 widget=1]</dd>\r\n  </dl>\r\n\r\n  <hr>\r\n\r\n  <dl class=\"rex-form-group form-group\">\r\n    <dt>\r\n      <label for=\"rex-id-meta-article-name\">Titulo del Slide:</label>\r\n    </dt>\r\n    <dd>\r\n      <p>\r\n        <?php if ($media3 instanceof rex_media) { echo $media3->getTitle();} ?>\r\n      </p>\r\n    </dd>\r\n  </dl>\r\n  <dl class=\"rex-form-group form-group\">\r\n    <dt>\r\n      <label for=\"rex-id-meta-article-name\">Imagen de Fondo: </label>\r\n    </dt>\r\n    <dd>REX_MEDIA[id=3 widget=1]</dd>\r\n  </dl>\r\n\r\n  <hr>\r\n\r\n  <dl class=\"rex-form-group form-group\">\r\n    <dt>\r\n      <label for=\"rex-id-meta-article-name\">Titulo del Slide:</label>\r\n    </dt>\r\n    <dd>\r\n      <p>\r\n        <?php if ($media4 instanceof rex_media) { echo $media4->getTitle();} ?>\r\n      </p>\r\n    </dd>\r\n  </dl>\r\n  <dl class=\"rex-form-group form-group\">\r\n    <dt>\r\n      <label for=\"rex-id-meta-article-name\">Imagen de Fondo: </label>\r\n    </dt>\r\n    <dd>REX_MEDIA[id=4 widget=1]</dd>\r\n  </dl>\r\n\r\n  <hr>\r\n\r\n  <dl class=\"rex-form-group form-group\">\r\n    <dt>\r\n      <label for=\"rex-id-meta-article-name\">Titulo del Slide:</label>\r\n    </dt>\r\n    <dd>\r\n      <p>\r\n        <?php if ($media5 instanceof rex_media) { echo $media5->getTitle();} ?>\r\n      </p>\r\n    </dd>\r\n  </dl>\r\n  <dl class=\"rex-form-group form-group\">\r\n    <dt>\r\n      <label for=\"rex-id-meta-article-name\">Imagen de Fondo: </label>\r\n    </dt>\r\n    <dd>REX_MEDIA[id=5 widget=1]</dd>\r\n  </dl>\r\n\r\n  <hr>\r\n\r\n  <dl class=\"rex-form-group form-group\">\r\n    <dt>\r\n      <label for=\"rex-id-meta-article-name\">Titulo del Slide:</label>\r\n    </dt>\r\n    <dd>\r\n      <p>\r\n        <?php if ($media6 instanceof rex_media) { echo $media6->getTitle();} ?>\r\n      </p>\r\n    </dd>\r\n  </dl>\r\n  <dl class=\"rex-form-group form-group\">\r\n    <dt>\r\n      <label for=\"rex-id-meta-article-name\">Imagen de Fondo: </label>\r\n    </dt>\r\n    <dd>REX_MEDIA[id=6 widget=1]</dd>\r\n  </dl>\r\n</fieldset>','admin','admin','2018-06-01 16:19:18','2018-06-08 16:58:36','',0),
  (2,'02.Proveedor-Carousel','<?php\r\n  /*Obtencion de id para titulo de imagen*/\r\n  $media = rex_media::get(\'REX_MEDIA[1]\'); \r\n  /* Resize imagen */\r\n  $mediatype = \'sicme-thumb\';\r\n  if (\"REX_MEDIA[1]\" != \'\'){\r\n    $imagen = \'index.php?rex_media_type=\' . $mediatype . \'&rex_media_file=REX_MEDIA[1]\';\r\n  }else{\r\n    $imagen = \'https://images.pexels.com/photos/265614/pexels-photo-265614.jpeg?w=1260&amp;h=750&amp;auto=compress&amp;cs=tinysrgb\';\r\n  }\r\n?>\r\n<div>\r\n  <div class=\"card card--mini\"><a class=\"card__img\" href=\"REX_VALUE[1]\" target=\"_blank\"><img src=\"<?= $imagen; ?>\" alt=\"<?php if ($media instanceof rex_media) { echo $media->getTitle();}?>\"></a>\r\n    <div class=\"card__content\">\r\n      <div class=\"card__title center\"><?php if ($media instanceof rex_media) { echo $media->getTitle();}?></div>\r\n      <footer class=\"card__footer to-center\">\r\n        <div class=\"card__button marienco-item main-center\"><a class=\"button--cta button--small\" href=\"REX_VALUE[1]\" target=\"_blank\">Visitar sitio</a></div>\r\n      </footer>\r\n    </div>\r\n  </div>\r\n</div>','<?php\r\n  /*Obtencion de id para titulo de imagen*/\r\n  $media = rex_media::get(\'REX_MEDIA[1]\');\r\n  ?>\r\n<fieldset>\r\n  <input type=\"hidden\" name=\"save\" value=\"1\">\r\n  <input type=\"hidden\" name=\"ctype\" value=\"1\">\r\n  <dl class=\"rex-form-group form-group\">\r\n    <dt>\r\n      <label for=\"rex-id-meta-article-name\">Nombre del proveedor:</label>\r\n    </dt>\r\n    <dd>\r\n      <p><?php if ($media instanceof rex_media) { echo $media->getTitle();} ?></p>\r\n    </dd>\r\n  </dl>\r\n  <dl class=\"rex-form-group form-group\">  \r\n    <dt>\r\n      <label for=\"rex-id-meta-article-name\">Logotipo: </label>\r\n    </dt>\r\n    <dd>REX_MEDIA[id=1 widget=1]</dd>    \r\n  </dl>\r\n  <div class=\"form-group\">\r\n     <label class=\"col-sm-2 control-label\">Ver más Link: </label>\r\n     <div class=\"col-sm-10\">\r\n        <input class=\"form-control\" type=\"url\" id=\"rex-id-meta-article-name\" name=\"REX_INPUT_VALUE[1]\" value=\"REX_VALUE[1]\">\r\n     </div>\r\n  </div>\r\n</fieldset>','admin','admin','2018-06-01 22:52:05','2018-06-11 18:25:38','',0),
  (3,'Editor de Texto','<div class=\"sicme-item\">\n  REX_VALUE[id=\"1\" output=\"html\"]\n</div>','<textarea class=\"redactorEditor2-basic\" name=\"REX_INPUT_VALUE[1]\">REX_VALUE[1]</textarea>','admin','admin','2018-06-04 22:39:04','2018-06-05 22:51:40','',0),
  (4,'03. Añadir Titulo','<h2 class=\"main-main__title--tertiary sicme-item l-block\">REX_VALUE[1]</h2>\r\n','<fieldset>\r\n            <input type=\"hidden\" name=\"save\" value=\"1\">\r\n            <input type=\"hidden\" name=\"ctype\" value=\"1\">\r\n            <dl class=\"rex-form-group form-group\"><dt><label for=\"rex-id-meta-article-name\">Titulo:</label></dt><dd><input type=\"text\" name=\"REX_INPUT_VALUE[1]\" value=\"REX_VALUE[1]\" class=\"form-control\"/></dd></dl></fieldset>','admin','admin','2018-06-04 23:22:06','2018-06-05 18:25:45','',0),
  (5,'Vertical Links Menu','<?php\r\n	if (\'REX_LINKLIST[1]\' != \'\') {\r\n		$linklist = explode(\',\',\'REX_LINKLIST[1]\');\r\n		$i = 0;\r\n		foreach ($linklist as $link) {\r\n			$art = rex_article::get($link);\r\n			if ($art instanceof rex_article) {\r\n				$art_name = $art->getValue(\'name\');\r\n				$i= $i+1;\r\n			  echo \'<li class=\"vertical-menu__item\"><a id=\"m\' . $i . \'\" class=\"button--alert hvr-bounce-to-right\" href=\"\'.rex_getUrl($link).\'\"><span>\'.$art_name.\'</span><i class=\"icon-caret\"></i></a></li>\';\r\n			}\r\n		}\r\n	}\r\n?>','<!-- *******************************************************\r\nASIDE LINK MENU\r\n******************************************************** -->\r\n<fieldset class=\"form-horizontal\">\r\n	<div class=\"form-group\">\r\n        <label class=\"col-sm-2 control-label\">Menu Links: </label>\r\n        <div class=\"col-sm-10\">\r\n            REX_LINKLIST[id=\"1\" widget=\"1\"]\r\n        </div>\r\n    </div>\r\n\r\n</fieldset>','admin','admin','2018-06-05 21:24:47','2018-06-07 15:40:43','',0),
  (8,'04. Añadir Subtitulo','<div class=\"sicme-item\">\r\n  <h3 class=\"main-main__title--tertiary l-block\">REX_VALUE[1]</h3>\r\n</div>','<fieldset>\r\n  <input type=\"hidden\" name=\"save\" value=\"1\">\r\n  <input type=\"hidden\" name=\"ctype\" value=\"1\">\r\n  <dl class=\"rex-form-group form-group\"><dt>\r\n    <label for=\"rex-id-meta-article-name\">Nombre del Subtitulo:</label>\r\n  </dt><dd>\r\n  <input class=\"form-control\" type=\"text\" id=\"rex-id-meta-article-name\" name=\"REX_INPUT_VALUE[1]\" value=\"REX_VALUE[1]\"></dd></dl>\r\n</fieldset>','admin','admin','2018-06-06 18:40:37','2018-06-06 18:46:06','',0),
  (9,'Producto de galería','<?php\r\n  /*Obtencion de id para titulo de imagen*/\r\n  $media = rex_media::get(\'REX_MEDIA[1]\'); \r\n  /* Resize imagen */\r\n  $mediatype1 = \'sicme-thumb-150\';\r\n  $mediatype2 = \'sicme-thumb-850\';\r\n  if (\"REX_MEDIA[1]\" != \'\'){\r\n    $thumb = \'index.php?rex_media_type=\' . $mediatype1 . \'&rex_media_file=REX_MEDIA[1]\';\r\n  }else{\r\n    $thumb = \'https://vignette.wikia.nocookie.net/gangstar/images/8/84/Sin_imagen_disponible.jpg/revision/latest?cb=20131009183932&amp;path-prefix=es\';\r\n  }\r\n  if (\"REX_MEDIA[1]\" != \'\'){\r\n    $full = \'index.php?rex_media_type=\' . $mediatype2 . \'&rex_media_file=REX_MEDIA[1]\';\r\n  }else{\r\n    $full = \'https://vignette.wikia.nocookie.net/gangstar/images/8/84/Sin_imagen_disponible.jpg/revision/latest?cb=20131009183932&amp;path-prefix=es\';\r\n  }\r\n?>\r\n<div class=\"sicme-item m-50 l-block\" id=\"gallery-item\">\r\n  <div class=\"card card--mini-horizontal\">\r\n    <div class=\"card__img\">\r\n      <a class=\"baguettebox--item\" href=\"<?= $full; ?>\" data-caption=\"<?php if ($media instanceof rex_media) { echo $media->getTitle();}?>\">\r\n        <i class=\"t2 icon-zoom\"></i>\r\n        <img data-src=\"<?= $thumb; ?>\" src=\"<?= $thumb; ?>\" alt=\"<?php if ($media instanceof rex_media) { echo $media->getTitle();}?>\">\r\n      </a>\r\n    </div>\r\n    <div class=\"card__content\">\r\n      <div class=\"card__title\"><?php if ($media instanceof rex_media) { echo $media->getTitle();}?></div>\r\n      <div class=\"card__body\">\r\n        REX_VALUE[id=\"1\" output=\"html\"]\r\n      </div>\r\n    </div>\r\n  </div>\r\n</div>','<?php\r\n  /*Obtencion de id para titulo de imagen*/\r\n  $media = rex_media::get(\'REX_MEDIA[1]\');\r\n?>\r\n<fieldset>\r\n  <input type=\"hidden\" name=\"save\" value=\"1\">\r\n  <input type=\"hidden\" name=\"ctype\" value=\"1\">\r\n  <dl class=\"rex-form-group form-group\">\r\n    <dt>\r\n      <label for=\"rex-id-meta-article-name\">Titulo de producto:</label>\r\n    </dt>\r\n    <dd>\r\n      <p><?php if ($media instanceof rex_media) { echo $media->getTitle();} else { echo \'Agrege una imagen con titulo para visualizar\'; }?></p>\r\n    </dd>\r\n  </dl>\r\n  <dl class=\"rex-form-group form-group\">  \r\n    <dt>\r\n      <label for=\"rex-id-meta-article-name\">Subir Imagen: </label>\r\n    </dt>\r\n    <dd>REX_MEDIA[id=1 widget=1]</dd>    \r\n  </dl>\r\n  <div class=\"form-group\">\r\n    <label class=\"col-sm-2 control-label\">Descripcion: </label>\r\n    <div class=\"col-sm-10\">\r\n      <textarea class=\"redactorEditor2-basic\" name=\"REX_INPUT_VALUE[1]\">REX_VALUE[1]</textarea>\r\n    </div>\r\n  </div>\r\n</fieldset>','admin','admin','2018-06-06 21:15:03','2018-06-14 22:12:06','',0),
  (10,'Contactos','<div class=\"l-30 sicme-item l-block sicme-container cross-start\">\r\n              <h2 class=\"main-main__title\">Contáctenos</h2>\r\n              <form class=\"l-100 m-70 to-center sicme-container form\" v-on:submit.prevent=\"submitForm\">\r\n                <div class=\"sicme-item form__item\">\r\n                  <label class=\"form__label\" for=\"\">Nombre completo: </label>\r\n                  <input class=\"form__input\" v-model=\"vue.nombre\" type=\"text\" required=\"\">\r\n                </div>\r\n                <div class=\"sicme-item form__item\">\r\n                  <label class=\"form__label\" for=\"\">Teléfono: </label>\r\n                  <input class=\"form__input\" v-model=\"vue.telefono\" type=\"number\">\r\n                </div>\r\n                <div class=\"sicme-item form__item\">\r\n                  <label class=\"form__label\" for=\"\">Celular: </label>\r\n                  <input class=\"form__input\" v-model=\"vue.movil\" type=\"number\" required=\"\">\r\n                </div>\r\n                <div class=\"sicme-item form__item\">\r\n                  <label class=\"form__label\" for=\"\">Dirección: </label>\r\n                  <input class=\"form__input\" v-model=\"vue.direccion\" type=\"text\" required=\"\">\r\n                </div>\r\n                <div class=\"sicme-item form__item\">\r\n                  <label class=\"form__label\" for=\"\">Ciudad: </label>\r\n                  <input class=\"form__input\" v-model=\"vue.ciudad\" type=\"text\" required=\"\">\r\n                </div>\r\n                <div class=\"sicme-item form__item\">\r\n                  <label class=\"form__label\" for=\"\">Email: </label>\r\n                  <input class=\"form__input\" v-model=\"vue.email\" type=\"email\" required=\"\">\r\n                </div>\r\n                <div class=\"sicme-item form__item\">\r\n                  <label class=\"form__label\" for=\"\">Mensaje: </label>\r\n                  <textarea class=\"form__input\" v-model=\"vue.mensaje\" name=\"\" cols=\"30\" rows=\"5\" required=\"\"></textarea>\r\n                </div>\r\n                <div class=\"sicme-item form__item main-center\">\r\n                  <button class=\"button\" type=\"submit\">Enviar</button>\r\n                  <button class=\"button\" v-on:click=\"clearForm()\">Limpiar</button>\r\n                </div>\r\n                <div class=\"statusMessage\" v-if=\"formSubmitted\">\r\n                  <h4 v-text=\"vue.envio\"></h4>\r\n                </div>\r\n              </form>\r\n            </div>\r\n            <div class=\"l-70 sicme-item l-block sicme-container cross-start\">\r\n              <h2 class=\"main-main__title--tertiary\">Ubíquenos</h2>\r\n              <google-map></google-map>\r\n            </div>','FORMULARIO DE CONTACTO Y MAPA DE GOOGLE MAPS GENERADO','admin','admin','2018-06-07 21:11:33','2018-06-07 22:54:53','',0),
  (11,'Nosotros','<div class=\"sicme-item l-50 l-block\"><iframe width=\"560\" height=\"315\" src=\"https://www.youtube.com/embed/DW_TJvKvA3M?rel=0\" frameborder=\"0\" allow=\"autoplay; encrypted-media\" allowfullscreen></iframe></div>\r\n<div class=\"sicme-item l-50 l-block\">\r\n  <div class=\"center\"><img src=\"<?= rex_url::base(\'assets/images/sicme-isologo.png\') ?>\" alt=\"SICME ELECTRIK\"></div>\r\n  <p>\r\n            Es una Empresa que a partir de una experiencia de confianza y\r\n    servicio, alentado por objetivos que van más allá de los económicos, está inmersa\r\n    en el mercado boliviano para brindar apoyo técnico, logístico a la industria y\r\n    la construcción civil como Importadores, Distribuidores y Comercializadores de\r\n    Materiales Eléctricos en general.\r\n  </p>\r\n</div>\r\n<div class=\"l-50 sicme-item l-block cross-start\">\r\n  <h3 class=\"main-main__title--tertiary center l-block\">Misión</h3>\r\n  <p>\r\n    Proporcionar a nuestros clientes, un servicio técnico y humano eficiente, con laprovisión de material eléctrico de última generación y calidad reconocida bajo\r\n    normas internacionales, los mismos que contribuyan al desarrollo, mejoramiento\r\n    del hogar y de las actividades productivas en nuestro medio.\r\n  </p>\r\n</div>\r\n<div class=\"l-50 sicme-item l-block cross-start\">\r\n  <h3 class=\"main-main__title--tertiary center sicme-item l-block\">Visión</h3>\r\n  <p>\r\n    Consolidarnos como Empresa líder en importación y distribución de MaterialesEléctricos para la Residencia y la Industria, satisfaciendo las necesidades y\r\n    requerimientos de nuestros clientes, otorgando calidad de punta en todos los\r\n    productos y actividades que realizamos al servicio de la población.\r\n  </p>\r\n</div>','<div class=\"sicme-item l-50 l-block\"><iframe width=\"560\" height=\"315\" src=\"https://www.youtube.com/embed/DW_TJvKvA3M?rel=0\" frameborder=\"0\" allow=\"autoplay; encrypted-media\" allowfullscreen></iframe></div>\r\n<div class=\"sicme-item l-50 l-block\">\r\n  <div class=\"center\"><img src=\"<?= rex_url::base(\'assets/images/sicme-isologo.png\') ?>\" alt=\"SICME ELECTRIK\"></div>\r\n  <p>\r\n            Es una Empresa que a partir de una experiencia de confianza y\r\n    servicio, alentado por objetivos que van más allá de los económicos, está inmersa\r\n    en el mercado boliviano para brindar apoyo técnico, logístico a la industria y\r\n    la construcción civil como Importadores, Distribuidores y Comercializadores de\r\n    Materiales Eléctricos en general.\r\n  </p>\r\n</div>\r\n<div class=\"l-50 sicme-item l-block cross-start\">\r\n  <h3 class=\"main-main__title--tertiary center l-block\">Misión</h3>\r\n  <p>\r\n    Proporcionar a nuestros clientes, un servicio técnico y humano eficiente, con laprovisión de material eléctrico de última generación y calidad reconocida bajo\r\n    normas internacionales, los mismos que contribuyan al desarrollo, mejoramiento\r\n    del hogar y de las actividades productivas en nuestro medio.\r\n  </p>\r\n</div>\r\n<div class=\"l-50 sicme-item l-block cross-start\">\r\n  <h3 class=\"main-main__title--tertiary center sicme-item l-block\">Visión</h3>\r\n  <p>\r\n    Consolidarnos como Empresa líder en importación y distribución de MaterialesEléctricos para la Residencia y la Industria, satisfaciendo las necesidades y\r\n    requerimientos de nuestros clientes, otorgando calidad de punta en todos los\r\n    productos y actividades que realizamos al servicio de la población.\r\n  </p>\r\n</div>','admin','admin','2018-06-08 17:21:46','2018-06-09 16:50:17','',0),
  (12,'Footer Menu Links','<?php\n	if (\'REX_LINKLIST[1]\' != \'\') {\n		$linklist = explode(\',\',\'REX_LINKLIST[1]\');\n		$i = 0;\n		foreach ($linklist as $link) {\n			$art = rex_article::get($link);\n			if ($art instanceof rex_article) {\n				$art_name = $art->getValue(\'name\');\n        echo \'<li class=\"m-50 sicme-container\"><a href=\"\'.rex_getUrl($link).\'\">\'.$art_name.\'</a></li>\';\n			}\n		}\n	}\n?>','<!-- *******************************************************\nFOOTER LINK MENU\n******************************************************** -->\n<fieldset class=\"form-horizontal\">\n	<div class=\"form-group\">\n        <label class=\"col-sm-2 control-label\">Menu Links: </label>\n        <div class=\"col-sm-10\">\n            REX_LINKLIST[id=\"1\" widget=\"1\"]\n        </div>\n    </div>\n\n</fieldset>','admin','admin','2018-06-09 17:00:44','2018-06-09 17:17:11','',0),
  (13,'Inicio [Contenido]','<div class=\"sicme-item l-1-3 l-block\">\n  <div class=\"card--circle-top\">\n    <div class=\"card\">\n      <div class=\"card__icon center\"><i class=\"icon-valores\"></i>\n        <div class=\"card__title center\">SICME ELECTRIK</div>\n      </div>\n      <div class=\"card__content\">\n        <p>Somos una Empresa que a partir de una experiencia de confianza y servicio, alentado por objetivos que van más allá de los económicos...</p>\n        <footer class=\"card__footer\">\n          <div class=\"to-center\"><a class=\"button--cta\" href=\"<?= rex_url::base(\'nosotros\') ?>\">Leer más</a></div>\n        </footer>\n      </div>\n    </div>\n  </div>\n</div>\n<div class=\"sicme-item l-1-3 l-block\">\n  <div class=\"card--circle-top\">\n    <div class=\"card\">\n      <div class=\"card__icon center\"><i class=\"icon-mision\"></i>\n        <div class=\"card__title center\">MISIÓN</div>\n      </div>\n      <div class=\"card__content\">\n        <p>Nuestra misión es proporcionar a todos nuestros clientes, en primer lugar  un servicio técnico-humano eficiente, venta de material... </p>\n        <footer class=\"card__footer\">\n          <div class=\"to-center\"><a class=\"button--cta\" href=\"<?= rex_url::base(\'nosotros\') ?>\">Leer más</a></div>\n        </footer>\n      </div>\n    </div>\n  </div>\n</div>\n<div class=\"sicme-item l-1-3 l-block\">\n  <div class=\"card--circle-top\">\n    <div class=\"card\">\n      <div class=\"card__icon center\"><i class=\"icon-vision\"></i>\n        <div class=\"card__title center\">VISIÓN</div>\n      </div>\n      <div class=\"card__content\">\n        <p>Consolidarnos como Empresa líder en importación y distribución de Materiales Eléctricos para la Residencia y la Industria, ...</p>\n        <footer class=\"card__footer\">\n          <div class=\"to-center\"><a class=\"button--cta\" href=\"<?= rex_url::base(\'nosotros\') ?>\">Leer más</a></div>\n        </footer>\n      </div>\n    </div>\n  </div>\n</div>\n<h2 class=\"main-main__title--tertiary sicme-item l-block\">MÁS DE SICME ELECTRIK</h2>\n<div class=\"sicme-item l-25 l-block\">\n  <div class=\"card\">\n    <div class=\"card__img\"><img src=\"http://www.tramontina.com.co/public/upload/categoryHighlight/2_caixas_aluminio.jpg\"></div>\n    <div class=\"card__content\">\n      <div class=\"card__title\">\n        <h3>Materiales Eléctricos</h3>\n      </div>\n      <div class=\"card__body\">\n        <p>Plaquetería domiciliaria modular de alta calidad y perfeccionamiento, proyectada para atender los más elevados padrones de exigencia...</p>\n      </div>\n      <footer class=\"card__footer\">\n        <div class=\"to-center\">\n          <div class=\"card__button\"><a class=\"button small\" href=\"<?= rex_url::base(\'materiales-electricos\') ?>\">Ver más</a></div>\n        </div>\n      </footer>\n    </div>\n  </div>\n</div>\n<div class=\"sicme-item l-25 l-block\">\n  <div class=\"card\">\n    <div class=\"card__img\"><img src=\"https://encrypted-tbn0.gstatic.com/images?q=tbn:ANd9GcRUhFQDd3tRRCdTN3VdA-7mimls70_qIVCpQp2-aom8yVCbUF0w\"></div>\n    <div class=\"card__content\">\n      <div class=\"card__title\">\n        <h3>Conductores Eléctricos</h3>\n      </div>\n      <div class=\"card__body\">\n        <p>Calidad Certificada conforme a normas Mercosur, Auto extinguibles...</p>\n      </div>\n      <footer class=\"card__footer\">\n        <div class=\"to-center\">\n          <div class=\"card__button\"><a class=\"button small\" href=\"<?= rex_url::base(\'cables-electricos\') ?>\">Ver más</a></div>\n        </div>\n      </footer>\n    </div>\n  </div>\n</div>\n<div class=\"sicme-item l-25 l-block\">\n  <div class=\"card\">\n    <div class=\"card__img\"><img src=\"data:image/jpeg;base64,/9j/4AAQSkZJRgABAQAAAQABAAD/2wCEAAkGBxASDxUSEBIVEBEVEBUQEBAQFRUQFhUQFRUWFhUVFhUYHSggGBonGxUVITEhJSkrLi4uFx8zODMtNyouLisBCgoKDg0OFxAQFSsdHR0rLS0tLS0tLS0tLS0rLSsrLS0tKy0tLS0tLS0tLS0rLS0tLSstKy0tLS0tLS0tLSstLf/AABEIAKwBJQMBIgACEQEDEQH/xAAcAAAABwEBAAAAAAAAAAAAAAAAAQIDBAUGBwj/xABBEAACAQIFAgUCAgcECQUAAAABAhEAAwQFEiExQVEGEyJhcTKBkaEHFCNCYrHRJFKywRUWM3J0gpKz8TRTc6Ly/8QAFwEBAQEBAAAAAAAAAAAAAAAAAAECA//EAB0RAQEBAAIDAQEAAAAAAAAAAAABEQISAyExQVH/2gAMAwEAAhEDEQA/AOmRSgKVppQFaQ3FHFLijC0DcUYFORQ00UiKOKVopUVA3FGBS4o4oGwKVFKihFAgii005FFFAjTRRTkUUUCIoopyKKKBEUUU5FFFUIIpMU6RSYoGyKEUuKKKBEUUUuKKKIRFFFLiiigQRSSKcIpJFA2RSSKdikkUDRWkkU6RSSKBoikladIpNA0RQpyKFBcRRxS4owKKRFHFLihFAiKOKVFHFAiKOKVFCKgTFHFHFHFAmKEUqKEUCIoRSooRQJiiil0UUCCKEUoihFAmKKKXFcZ/SHml5cddU3btvQyi2EZSukopHobaN5kb70S3HYiKTFc+/RRmuIvm8Llx3toiiHIIFxjsRt6dlbYbV0Siw3RRTkURFAiKTFORRRVDcUaoSYAk+1STgm9viaLE4gW/Qm7GNRHc7BQejbjnofvU0wkYF/YfembuHZeRt35FQ7uKkkky0AmNO8gxE7DYsBPRS3WpWFxzAbjVAiASqfT/ABDYenY/3YJ5qaEEUkipeLsgQy/S32g1GNUNkUkinCKSaqGyKQRTpFJigboUoihQXcUIpUUcVFJihFKihFAmKOKVFHQJihFKoUCYoRSqFAmKEUqhQIihFKIoqBJFFFLNJoCoqM0KAqwfjPw7hr37R7Wp2aSysVJ32JHEx1it5IkTxVLnOAZkJLMkbKVCsDPHpPXvHas2is8A5Law1u55SldZBaSWmJA/ma1Vc3ueOlwhNhEF50Om6ztplwd0GkRI3HsZ7Vo8q8bYS8PW36u3UXSAk+1zj8YqxGkoqIMDuN+o+KOaqiihbMMCehBoGm3NBaI6ySGnqRzAHYVl77gs0kxJnXuShGohj/utJjoAvLVZ4TFhbgnYH0z88fnFV2bWvLuNsYkBdMTp3ZVAnc7sAOrNJ2AiBrEGCT1gltXeZYsB0ker5RRyaTbukGTIG6kmARMAyTwQ3lsT3IUcGm7+IEAndogFNxqn0QTzLRB6ksxgVCw+p29EhdtRSTC8ALHUAnTsTKs0TQbHBWtWHhTMmVkyeZIYyfVMg+9Rr1ll+oR261PwSi1bVHZVYgnTIG/UD8f/ADUTMr2lVQtraSxP8v5/lSCKTSaQHpQNaQDSTSqI0CaFHQoLyjo6FRRUKOhPTrEx7UBUKOhQCiJo65lm+Kx9vNLr27rGyxKBfqC6QwAA6errvPHaIN9cxVwMfSugTEE69usRG/aaVg8wS4oZSCD1Uhh8GDzWdxflXxdw9wuYaLhss9p+Ad0O1xYYTEjjbiqy9gruDw+jK1N5maXuXSbjrEQCNIUcn6oPO28iDoKkHjehWfyK/iGtK2IXRcj1ADTBk7RJnaJ6b7TVrZxgPuOJHtV0S6Kk2rqsAVIYHggyKqPGN26uBvGy2i5pARhGxZgOu3WKos8TeKqSo1N0EwPknoKhjMYKi4ApaeDtI6AmJ/CsDkGfYtbEYstcKOiadLMxDFQpOmDsZ3EiOQanYrLMDjbi3rl26CIAC3g9rcDhiDp2MxKjeed6ya3a3gfY9jSjWIXGZkcWALKphB6RALSo6qzAEnsTA4+TpUxBVRqMEwCORqPQVdEnEuBuaznivEXPJFy0/ptC5cZRuDpQkSfsR/zVe3sRa2FxlQn6QxAn4moOZZUGQ6DsykGNwVI69xBqDgelpP70GCSZJMBiZ+4/CrHwn4fvZniHw9q6tkWrZu3HuAkc6QAB3M79AKl554TxOGcm0Dct8wdzPH32A/CoXgfEXMPmA8xCLVwxeLKZXTLKyn906tvhjVZjumQ+HruFwdqz53mtbTSNa6RySFBG4AmB2AHal3MW1ufPtNbAMeYP2tv/AKl3H3AqT/pnqIf9mzCDE/B4/wD1TuHzW0zEMdLAKQCrI28SN+RJG3vTWjdm6rjUjBl7qQR+IpRWlnLLJYuq6G3BdB5ZMfGzjpuPvWO8TrmBuiwr+ggHTh5tO4Ik6ru5UDg6RvPMkAO0MrS4jCSOKJcTsExNssB9N4LrIG/1CJ4JEiTufc1m8q8Q28HbNvEq9vTJtWl1X2Y7elJA553gDfvV/wCHs/GKLBrJsH6kDMH1p32HpYdV3555hoRdy7DsBF+0F6+vyuVIYRMqDCLHQDbrLV/PcDhh6HGJu7kLbhxq933AA2AEkgAbVeXsDbb6kB+1QbmSWOiAUGPvZtevXDcfk8AcAdAB2qxwt9j0q7GWWxwtGMIo6VpnEO3NSFFPeWKGmim6FKIoqBNCjoUF5R0KImsqqvFOafquDuXuCoCqSJh3YIp+xaftXD7GaF77XkuPrV4Fy2xRiRy5YbtJ79BXcc+wtvEYd7F2dDiCVgEEEMGBIO4IBrh+feG/1S4Th7pvLJJ1LoYSSYgGGHuI+KrNafLfGOYrxeW6P7t9Fb/7Lpb860OA/SJBjF4coP8A3bB8xfkofUB8E1xm1mNxDz1mrRPEDMpH70bExt71DXe8B4gwd7T5WItsW+ldQVie2hoafaKYNsEmQCRduEEgGD5jcdq8/rjWmCZHBB3BPv3rsOQXbrYCxct+onDzBJiSwMwPq21feO9F1JzXLrd1o1Q6tqUMI9cAgq3fYGRJ2ioVz9ZsvJLX1kATCXYhvoubBuBsdRgGd9zY420xdiDrEEFdjBZFAkRqB225+reguKIJB9SkhYIkSQNuvfjc+wFFHbzIFA9wPo1aZ/2bzv8AUoMNx3HxWU8WeJyrMisCBBAUQpmILKd3PyANthWizEW1w+pFVNdxS0Ru4XQJI5MKq/YDbiuUeM8VoxLR9WgQTSJa6T+inEtcOJZyWJa3zv0atb4l/wDSv/vW/wDupWF/Qm5Nq+TyTb/k9bnxIf7K/wA2/wDupVJ8Yy8gCHQqgllJnYGDO8c7d9qqEwyxKM9piC0qdG3qmXUgNuJ3InudqkmwUQjVCBECwdEEOZJmRJBEnqZkgcBeNKjTH0KoCH6CCB0O8/TqiiJWBzLEWSFYqQWP7Qt5QhmOnVbK6SPUiahG8Enfa2x2aC2tz9y6FnXvcU7TAVj6fbkCq/ACBpEr6u37xIElTwD77moufuJuAnfywT915/I1ldZnMc2e6TLEzu25M9pJ5/kOldkyQTg7H/D2v8C15sGZk3lQbJqgxXpDw839iw//AA9r/AK1SHb+EVuRNV2JyK0w2UT8VdGgKKweOyK/bbVZuMsdAdt+duKjW88xFqUxFvWp5ZR7gzB9hXRHtA1X4zK0fkUTGbw2dIwHk3HBN1GuWyxMgFjG+52EH5HaqzCeKGGNxF91LBnNleoVLcKI7TEmrXFeHQji4mzKZH8iPuCR9653mT38LjHUKz2Xu+b9JOkO0sAeDG+3xWOU1Zyx0HxNiLF7EYawRubTve6QrEeknkmUI/E1IwORotwPhHFgqNRIjTpUbkg7RH8657m+MRMZDNAazbCXOjDefbmfxpecZxft4C6Lb7XdFlmH1eWzAtB6TpjasyNdo3Xh39I9jEYoYRlOtmZbd9QBadlBMAElhIBgnn2mtsWrzz+jbCNczOyR9NrVfuHsFUhfuXZfz7V3PF5gttC7b9AAQJPaSQB8mujMqbcYU09YbMcdfxDlbx8u2JiwuwI6M07sffYdhUjDYy5YACvKiPSfUPgdvtTRrTSaqcNnqEftBp/iG4/qPzqztXVYSrBh3UzV0GRSTSjSTVBUVHQoi8oiKOhWVR79gEVms38PpcBkVrDTboDVMcT8QeB3BLW+e3SsZi8Besn1oR7jcV6Uv4UHpVJmWQ27gIKijOPP36wvlnuF/OIrov6IPEuu1+p3T6kXXYJ6pEsn25HtQzr9HKMSbXoPtx+FYjGZLjcuvpdRWPlsHS6oOnbkN26ioO1426RcZhwoO6tBUlFid45BPQx0NOPiFOoXACPT6hse4n8TzHsDUTKczs4vDJiUBllg6PrRttSz7EcdaklQZZYuLIYFCQwI6FZA/AqTsCKqmc3tD9WUSY8xTJ2O0ncEbccQPaK5H41tg4tmY+kKuw5J3/Cuq5m/9lXQZIvKGEQRIJIKwI2PEVyvxfbLYo9BpWSfk1EroH6FXHkX4ECbcD7PXQsZaW5ba20gMIkcg8gj3BAP2rnf6J7Zt2rynvbj3EPW4fERVWMfj7bIGRll1YAqI3hlMieQRBE9xVbaUKjRys6lGyKp3XWrExsY4PB2HS/z+8jEFgCI0vPBSZE/B3+59qgtZXZdXICgPJmZgC5yDt3PAqIVght6g0CIVJ9IkbgfUu37oJPOwqLnqibhE72gJPbTtz13qbh7ZGwRgQwYAxBGtSSHGwHsRJioWeFvMaRANtNtjDHYiaDkuEwqrcBnUxM9gP616S8OP/YrH/wW/wDCK87Zfgna4PbcDqY9q7/4ceMJZB5FlQfwqrF3qowajB6wGI/0jYxPrUuLt4Il+ySnqdtKB42iSBDA1jly6/jt4vHPJbO2OlBqMmhay9ETTMud3vNuzHvPA9hwBwKjOl1BJgrEnUQCp7a4AbcxwK1rnhd60CKqsZliMNwDU9saig6z5ekEt5nogDkydiPiqAeOMBqYNca2AQBcuKQrT2Ikj/mAojOeI/BXnkEMV0yABEQe/WqA+D7qqbZl0P7u4/lXXbF23dRblpluW2Eo6EMrDuCNjQOHHaqmMP4UyL9VUhE06iC55ZiOJJ7Sdvc96u/EGEt3cK9vER5Tf7TUdICiWkt0iJn2q+WyKq/FdyxbwjnEELZPouFpjS4KwY33mPvUvxYrsJatNZUKRdt6V0NPmAgAAMG6nYeqomKy/wDutH8L+oR21fUPk6qRkmCTD2Vt2GOgNqBeHlWbURIgdTB++9VeIxd5sXcSzqZtcET6QIEapkD8J9q5xqrFMvaJ5A5AltvsdvvT1h/K9UlTPTYsP/M+232qBj84tWNCvc13uW/V1OlBvuXLbnaIWevGwq4yaxauqL5bzgxJUtqjbvqEsfmtT2yucsxDXLQZxBJMfHQ1KpoXKUGraFUKKaKqL6ioUKy0FRcRjrSHS7gNEgbkn2Ecn2G9SZrKLh1sZncu3LjPbFg4nSZhXdmUR3gJc+JFS2/jfCcbvatDdxQVdV1Wsr/euaQBPEkEgfeKNgCJG4PBG4NKw+NS5b9ZUklV092MbfiY+3vUZ8kt7nDu+GfaQkFCdiJtmVI44g+9XWCLtmoGIwQPIqzs2MSJFxUcDh0OksImQh47cjiqzOs5sWPQ122t4jZbjhQD/EZ/Lk/nTUxUNkTW5bCsLJJllAlHP8S9/cUzaxZtt/aUa0REXUlk+C49QX2atPhbguIGG3cAzB+eooruHB6UGA8X+J/Kuon1WWMhkAbhQS227H1gQOx54rOZ7ft221sutyYQAatx2/Hmug5n4WtXAQFCzvAHpnvp/pBquw/g0htd1xdbptpAHYL0ozTfgNv2GtifMeNasumNMxHfmtJduDqQPkxTGHy7TTlrNLVu4bd5YWRruQWhOY24H9aW4shq/hQ43EiqnEZdeQegi4gIIR4DCOIaCGjkAjoN622Dy3CMQ9l5tvJFtG9E8mNpU+00jNsrYQcOsjfUrEmeODyOvfjpzU1cY3LsVbQaGm28bW7kqNhACSSIgDZSaypz83cQ1pwdYiDAAIA1RtxtxMzHTiugYq3bb0X0KE7BLqxJ42P0k/Bqlx/hJSdVo+Ww2DFdcDggH+s0SsU+JVLy2bQ9ZdBcYLqhNiZPweK6xlcLaRQdQVQJiJ+3SqHLPDyWiNRGs9WPqY+07mtDZw8VpIlebULNH1oAp9S3EuATE6WBI/CY9wKkm3UHFYU8jmjRpc9uW7mzySCfLfbhV0gcE7qdh/eNXmG8R25IuA2yJ+IADf4SNo6HeufZtl17Vqk+3t8VBXM76Arcl1Kld94kFZB+CamJ2w/+kHxal1jaQwVUNcHQE7ifYCCB1Le1YXL8vW+hxGJZvLG1q2pgmes9J/yqvzu8S2IZtna4o9tMKoI+3+dSsVfPkpbUwOPiep+BMe9EqaM7xWEW3awt9rakm4qWma4xZiN9H07xwQZ7Cun/AKP/ABPisT5lnG29F5FFy2+g2/Mt/S0jjUCV3ED1jYRvzDwdbVrr3yOvl2/ZRsSPnj7e9b6xioMqSp6FTBoR0EmoeY4VL1trdxQ6MN1YSD8g81l8w8YfqdtGxP7XWfRbQDzSvVtyBpHc81pspzC3ibCX7Jm3cXUs7EbkEEdCCCD7ijSsOSsgHlmVAAC/SQAIAHQ/lVPmOTK7ElntXOsCQT3ZDE8dxW5AqPiEVtmAI9/8j0rF4ta5djcN+qlr9+ycQFAW2FJFkQSdd5h6gN/pMA9+tLXFPfjEPcuWCPSg2SFHC2kGyr+XzvW8uZaZm20fwt/k3P8AOsv/AKu3XuE3RChjpQEERO0xzt04qyVnku8mx5uWgxMzO/cAwKtUuVAweC0AAVORK2h4NQpIFCqNFNETQmhWWjV0ms3n1kMGJIBNo2iSJBXciR1glv8AqNaW4tVOZ4LWIoMsM4tGFuEKyuTOqFkydUx0JIiO1WeXZhdt20VGDgQP2jamYIo0qzydRJcyTJNU2Z+Hp3AqkOHxFk+gkCZ2qsbjV+IfFTCym2kgC9dRG5CgFVQ7EqST0H0gx0pPhh8Pesg4hV8xuduB0A9qxefYxv1Y3m5VrdtlAiE1Tx1mR+dP4LN7dwAqwM9jB/H+tc7G5yb1ruHwbHRccjSD5CwVk8bt9P2/Piqd8yxgvreu2PLXeCrlwFMell07yAJMz7DplMfi3bEIhaQp81wTzH0Df7n71rsF4oQkC9CIAXuMw4tINTt+A/MVPa+muw1+3dXVbYOP4SDB7EdD7GjZK5FmXiJr179Zw9y5hG4tpYCgBNoV52fgTMiR8Rc5d4/v2h/a1S8v99B5VyO5A9LH2AWumsbG/ZKqM3NsQxB1jYMhgx2PQj5FWeWY63iLCXrU+XcXUuoQY4II7yCPtQxODDdKVWbyrMjbuM1sgfsmKqYHrn1bAeyVeN4nFtlW4r6QqLKBidbuEBPQgDcyDHO1Ueb5YQJQQehFZd8TibJhh5iDbqDp5iR03O1TE7Y63bxlq6ulwlyV1NxBEkCJ2MgAwSNjxVfnS2bFj9iAjQSG3GhFJ1MQdtt+e3tWCwmdWmI/daUMOSu6QP8AdOwnpv17DxTjmuLbtM/+0YBj0KW1Bj4nSal9NS6fGWYlx5wtpfQuHRmZzdMb6g3QzuDHatImfWEsl7zFGXZ1KnWT0hQN59thVflGf+WqowlQAoI32quvX7eKxotsNLMup3EzbQyAqk8EjtHMmZrM5WLZ/GlyfObeILKLdy06gNpvIUlSYkHgkbSAdpFWht1nLeQvYuq2EuNcM/7K67XBAG8Enbaak5b4twlxzbe6lq6DpKs0oT/BdICtW5dZsxaXsID0qlzDJVbpWlpFxAao4v4z8LAqWTZx7bN8/wBawbC6qBLoIAbY/lNejsbl6tyKzGc+GVcEBRv1ijPxy3wzmKIBbZgrBjzsCSTEH7/lWwwWJlgJ2JH/AJqrxngIqZT8xQwuAvWdmBIHaqlqgzrMnxGIe7c5LFVXoltdlUfAH4zXbP0eYU2csw6NsxRrpB2I812ugEfDiua5b4bsPiPMuFmTVrNggQWJmGbqs9I9prquDxciiyrxWpDrTNu7ToajRsrTZt1IIpMUDQt0emlmioExQo6FEXVCioVGgpLpNKoTQQ7uGBqtxeWqelXtIZKJjn2d5GGRlC7MpU/Fc8Hhu/ZaQdUEHqJjfiu8YnDA9KqcVlYPSiWOM55imtXxdUQjoFZTyrL0n4j8KiXPEZgpp1Iy6XBPI2MDYjpXR8+8LLdEFZgyD2Ncx8U5K+FuiQfLcehumocrPfr8H2NMRO/0xaC6k5jeRuD2NUmKxz3D7VCAmPmtX4Qy6wboa+NYBGm1+6T3fuPb8e1B1r9GYYZThg3MXPw864R+VakVT5fi5UQIEAADYAdhVnbeq0F6wDVTjspVulXc0TCoOeZl4YHKj8KzHivD3bdq1cGzWCVPYo20/Ow/nXYb+HBqhzbKFuKQRIPINExzbw/nZu3ApGkwTPwN6eyvMgbl1zs5usJXkKogCPtVnifCq221oNLAyCO9YvPMHds4hmRSA3qLDiTzt89+9ZxNbDHeI7q2HVHl7sWm5lbP1OB7t6VPtNZu8+03CB2URWWt4m4ra1YhpmQefnv96Vfxjv8AUZP+VWQvtpsD40xGFYeRcItgibTetCvX0nj5EGu9k15nybI7+LueVZUsSPU3Cop21M3Qc+5jaa9JK9VYUy0y9kGn5o6qq+5gwelQb+UoelXsUkpRMZ1cmUcCrHD4PSKneXS4oYYRIp0UcUKKOaImiojQA0U0RNETQHQpM0KIuqE0maE0aKmhNJmimgXNCaRNCaA2plkpyaSTURAxVmsp4jyxbqFHUOp/dYSJHB9j71trizUK/hQapXFf9UXV/SkDvJbb71q8j8P6Ikb1uVwQ7U/bwoHSjPVEy/DaRVkgoIkUsCjQ5o5pNCagM03ctTS5oE0FfisIDVBmOSq3StYwqJibe1EcJ8U+FL1m6WsqblpjICCWQnlSo3I7Eff3qLGVvsbgKD+6dmP26feu05pl+uazVzww2qeaM3SfCmN8tRbRAi9l6nuT1Pua3uEvkis9leTaY2rTYexFVYmI1Og0yi04KNFTQoqFADRUCaKgOioTRGgBpJozSaAUkmgTRE0AmhRUKC5mhNIoVAqaE0mhQKmhNIoVQqaKioqgOksKOkmqC00Io6I0AoUVCgE0U0RoVAc0JpNCqDNN3BS6KoIdyxSVwwqWRQqhtbIFLCUqioBFChRUBzQmioUANFQNFQCaE0VA0BE0RoURoCNEaBpJoDJoqI0KD//Z\"></div>\n    <div class=\"card__content\">\n      <div class=\"card__title\">\n        <h3>SENSORES</h3>\n      </div>\n      <div class=\"card__body\">\n        <p> </p>\n      </div>\n      <footer class=\"card__footer\">\n        <div class=\"to-center\">\n          <div class=\"card__button\"><a class=\"button small\" href=\"<?= rex_url::base(\'automatizacion-y-control\') ?>\">Ver más</a></div>\n        </div>\n      </footer>\n    </div>\n  </div>\n</div>\n<div class=\"sicme-item l-25 l-block\">\n  <div class=\"card\">\n    <div class=\"card__img\"><img src=\"<?= rex_url::base(\'\') ?>assets/images/sicme-lighting.jpg\"></div>\n    <div class=\"card__content\">\n      <div class=\"card__title\">\n        <h3>SICME LIGHTING</h3>\n      </div>\n      <div class=\"card__body\">\n        <p>Paneles de iluminación LED, ideales para oficinas y viviendas. Larga vida útil y óptimo ahorro de energía eléctrica.</p>\n      </div>\n      <footer class=\"card__footer\">\n        <div class=\"to-center\">\n          <div class=\"card__button\"></div><a class=\"button small\" href=\"<?= rex_url::base(\'luminarias-e-iluminacion\') ?>\">Ver más</a>\n        </div>\n      </footer>\n    </div>\n  </div>\n</div>','<div class=\"sicme-item l-1-3 l-block\">\n  <div class=\"card--circle-top\">\n    <div class=\"card\">\n      <div class=\"card__icon center\"><i class=\"icon-valores\"></i>\n        <div class=\"card__title center\">SICME ELECTRIK</div>\n      </div>\n      <div class=\"card__content\">\n        <p>Somos una Empresa que a partir de una experiencia de confianza y servicio, alentado por objetivos que van más allá de los económicos...</p>\n        <footer class=\"card__footer\">\n          <div class=\"to-center\"><a class=\"button--cta\" href=\"<?= rex_url::base(\'nosotros\') ?>\">Leer más</a></div>\n        </footer>\n      </div>\n    </div>\n  </div>\n</div>\n<div class=\"sicme-item l-1-3 l-block\">\n  <div class=\"card--circle-top\">\n    <div class=\"card\">\n      <div class=\"card__icon center\"><i class=\"icon-mision\"></i>\n        <div class=\"card__title center\">MISIÓN</div>\n      </div>\n      <div class=\"card__content\">\n        <p>Nuestra misión es proporcionar a todos nuestros clientes, en primer lugar  un servicio técnico-humano eficiente, venta de material... </p>\n        <footer class=\"card__footer\">\n          <div class=\"to-center\"><a class=\"button--cta\" href=\"<?= rex_url::base(\'nosotros\') ?>\">Leer más</a></div>\n        </footer>\n      </div>\n    </div>\n  </div>\n</div>\n<div class=\"sicme-item l-1-3 l-block\">\n  <div class=\"card--circle-top\">\n    <div class=\"card\">\n      <div class=\"card__icon center\"><i class=\"icon-vision\"></i>\n        <div class=\"card__title center\">VISIÓN</div>\n      </div>\n      <div class=\"card__content\">\n        <p>Consolidarnos como Empresa líder en importación y distribución de Materiales Eléctricos para la Residencia y la Industria, ...</p>\n        <footer class=\"card__footer\">\n          <div class=\"to-center\"><a class=\"button--cta\" href=\"<?= rex_url::base(\'nosotros\') ?>\">Leer más</a></div>\n        </footer>\n      </div>\n    </div>\n  </div>\n</div>\n<h2 class=\"main-main__title--tertiary sicme-item l-block\">MÁS DE SICME ELECTRIK</h2>\n<div class=\"sicme-item l-25 l-block\">\n  <div class=\"card\">\n    <div class=\"card__img\"><img src=\"http://www.tramontina.com.co/public/upload/categoryHighlight/2_caixas_aluminio.jpg\"></div>\n    <div class=\"card__content\">\n      <div class=\"card__title\">\n        <h3>Materiales Eléctricos</h3>\n      </div>\n      <div class=\"card__body\">\n        <p>Plaquetería domiciliaria modular de alta calidad y perfeccionamiento, proyectada para atender los más elevados padrones de exigencia...</p>\n      </div>\n      <footer class=\"card__footer\">\n        <div class=\"to-center\">\n          <div class=\"card__button\"><a class=\"button small\" href=\"<?= rex_url::base(\'materiales-electricos\') ?>\">Ver más</a></div>\n        </div>\n      </footer>\n    </div>\n  </div>\n</div>\n<div class=\"sicme-item l-25 l-block\">\n  <div class=\"card\">\n    <div class=\"card__img\"><img src=\"https://encrypted-tbn0.gstatic.com/images?q=tbn:ANd9GcRUhFQDd3tRRCdTN3VdA-7mimls70_qIVCpQp2-aom8yVCbUF0w\"></div>\n    <div class=\"card__content\">\n      <div class=\"card__title\">\n        <h3>Conductores Eléctricos</h3>\n      </div>\n      <div class=\"card__body\">\n        <p>Calidad Certificada conforme a normas Mercosur, Auto extinguibles...</p>\n      </div>\n      <footer class=\"card__footer\">\n        <div class=\"to-center\">\n          <div class=\"card__button\"><a class=\"button small\" href=\"<?= rex_url::base(\'cables-electricos\') ?>\">Ver más</a></div>\n        </div>\n      </footer>\n    </div>\n  </div>\n</div>\n<div class=\"sicme-item l-25 l-block\">\n  <div class=\"card\">\n    <div class=\"card__img\"><img src=\"data:image/jpeg;base64,/9j/4AAQSkZJRgABAQAAAQABAAD/2wCEAAkGBxASDxUSEBIVEBEVEBUQEBAQFRUQFhUQFRUWFhUVFhUYHSggGBonGxUVITEhJSkrLi4uFx8zODMtNyouLisBCgoKDg0OFxAQFSsdHR0rLS0tLS0tLS0tLS0rLSsrLS0tKy0tLS0tLS0tLS0rLS0tLSstKy0tLS0tLS0tLSstLf/AABEIAKwBJQMBIgACEQEDEQH/xAAcAAAABwEBAAAAAAAAAAAAAAAAAQIDBAUGBwj/xABBEAACAQIFAgUCAgcECQUAAAABAhEAAwQFEiExQVEGEyJhcTKBkaEHFCNCYrHRJFKywRUWM3J0gpKz8TRTc6Ly/8QAFwEBAQEBAAAAAAAAAAAAAAAAAAECA//EAB0RAQEBAAIDAQEAAAAAAAAAAAABEQISAyExQVH/2gAMAwEAAhEDEQA/AOmRSgKVppQFaQ3FHFLijC0DcUYFORQ00UiKOKVopUVA3FGBS4o4oGwKVFKihFAgii005FFFAjTRRTkUUUCIoopyKKKBEUUU5FFFUIIpMU6RSYoGyKEUuKKKBEUUUuKKKIRFFFLiiigQRSSKcIpJFA2RSSKdikkUDRWkkU6RSSKBoikladIpNA0RQpyKFBcRRxS4owKKRFHFLihFAiKOKVFHFAiKOKVFCKgTFHFHFHFAmKEUqKEUCIoRSooRQJiiil0UUCCKEUoihFAmKKKXFcZ/SHml5cddU3btvQyi2EZSukopHobaN5kb70S3HYiKTFc+/RRmuIvm8Llx3toiiHIIFxjsRt6dlbYbV0Siw3RRTkURFAiKTFORRRVDcUaoSYAk+1STgm9viaLE4gW/Qm7GNRHc7BQejbjnofvU0wkYF/YfembuHZeRt35FQ7uKkkky0AmNO8gxE7DYsBPRS3WpWFxzAbjVAiASqfT/ABDYenY/3YJ5qaEEUkipeLsgQy/S32g1GNUNkUkinCKSaqGyKQRTpFJigboUoihQXcUIpUUcVFJihFKihFAmKOKVFHQJihFKoUCYoRSqFAmKEUqhQIihFKIoqBJFFFLNJoCoqM0KAqwfjPw7hr37R7Wp2aSysVJ32JHEx1it5IkTxVLnOAZkJLMkbKVCsDPHpPXvHas2is8A5Law1u55SldZBaSWmJA/ma1Vc3ueOlwhNhEF50Om6ztplwd0GkRI3HsZ7Vo8q8bYS8PW36u3UXSAk+1zj8YqxGkoqIMDuN+o+KOaqiihbMMCehBoGm3NBaI6ySGnqRzAHYVl77gs0kxJnXuShGohj/utJjoAvLVZ4TFhbgnYH0z88fnFV2bWvLuNsYkBdMTp3ZVAnc7sAOrNJ2AiBrEGCT1gltXeZYsB0ker5RRyaTbukGTIG6kmARMAyTwQ3lsT3IUcGm7+IEAndogFNxqn0QTzLRB6ksxgVCw+p29EhdtRSTC8ALHUAnTsTKs0TQbHBWtWHhTMmVkyeZIYyfVMg+9Rr1ll+oR261PwSi1bVHZVYgnTIG/UD8f/ADUTMr2lVQtraSxP8v5/lSCKTSaQHpQNaQDSTSqI0CaFHQoLyjo6FRRUKOhPTrEx7UBUKOhQCiJo65lm+Kx9vNLr27rGyxKBfqC6QwAA6errvPHaIN9cxVwMfSugTEE69usRG/aaVg8wS4oZSCD1Uhh8GDzWdxflXxdw9wuYaLhss9p+Ad0O1xYYTEjjbiqy9gruDw+jK1N5maXuXSbjrEQCNIUcn6oPO28iDoKkHjehWfyK/iGtK2IXRcj1ADTBk7RJnaJ6b7TVrZxgPuOJHtV0S6Kk2rqsAVIYHggyKqPGN26uBvGy2i5pARhGxZgOu3WKos8TeKqSo1N0EwPknoKhjMYKi4ApaeDtI6AmJ/CsDkGfYtbEYstcKOiadLMxDFQpOmDsZ3EiOQanYrLMDjbi3rl26CIAC3g9rcDhiDp2MxKjeed6ya3a3gfY9jSjWIXGZkcWALKphB6RALSo6qzAEnsTA4+TpUxBVRqMEwCORqPQVdEnEuBuaznivEXPJFy0/ptC5cZRuDpQkSfsR/zVe3sRa2FxlQn6QxAn4moOZZUGQ6DsykGNwVI69xBqDgelpP70GCSZJMBiZ+4/CrHwn4fvZniHw9q6tkWrZu3HuAkc6QAB3M79AKl554TxOGcm0Dct8wdzPH32A/CoXgfEXMPmA8xCLVwxeLKZXTLKyn906tvhjVZjumQ+HruFwdqz53mtbTSNa6RySFBG4AmB2AHal3MW1ufPtNbAMeYP2tv/AKl3H3AqT/pnqIf9mzCDE/B4/wD1TuHzW0zEMdLAKQCrI28SN+RJG3vTWjdm6rjUjBl7qQR+IpRWlnLLJYuq6G3BdB5ZMfGzjpuPvWO8TrmBuiwr+ggHTh5tO4Ik6ru5UDg6RvPMkAO0MrS4jCSOKJcTsExNssB9N4LrIG/1CJ4JEiTufc1m8q8Q28HbNvEq9vTJtWl1X2Y7elJA553gDfvV/wCHs/GKLBrJsH6kDMH1p32HpYdV3555hoRdy7DsBF+0F6+vyuVIYRMqDCLHQDbrLV/PcDhh6HGJu7kLbhxq933AA2AEkgAbVeXsDbb6kB+1QbmSWOiAUGPvZtevXDcfk8AcAdAB2qxwt9j0q7GWWxwtGMIo6VpnEO3NSFFPeWKGmim6FKIoqBNCjoUF5R0KImsqqvFOafquDuXuCoCqSJh3YIp+xaftXD7GaF77XkuPrV4Fy2xRiRy5YbtJ79BXcc+wtvEYd7F2dDiCVgEEEMGBIO4IBrh+feG/1S4Th7pvLJJ1LoYSSYgGGHuI+KrNafLfGOYrxeW6P7t9Fb/7Lpb860OA/SJBjF4coP8A3bB8xfkofUB8E1xm1mNxDz1mrRPEDMpH70bExt71DXe8B4gwd7T5WItsW+ldQVie2hoafaKYNsEmQCRduEEgGD5jcdq8/rjWmCZHBB3BPv3rsOQXbrYCxct+onDzBJiSwMwPq21feO9F1JzXLrd1o1Q6tqUMI9cAgq3fYGRJ2ioVz9ZsvJLX1kATCXYhvoubBuBsdRgGd9zY420xdiDrEEFdjBZFAkRqB225+reguKIJB9SkhYIkSQNuvfjc+wFFHbzIFA9wPo1aZ/2bzv8AUoMNx3HxWU8WeJyrMisCBBAUQpmILKd3PyANthWizEW1w+pFVNdxS0Ru4XQJI5MKq/YDbiuUeM8VoxLR9WgQTSJa6T+inEtcOJZyWJa3zv0atb4l/wDSv/vW/wDupWF/Qm5Nq+TyTb/k9bnxIf7K/wA2/wDupVJ8Yy8gCHQqgllJnYGDO8c7d9qqEwyxKM9piC0qdG3qmXUgNuJ3InudqkmwUQjVCBECwdEEOZJmRJBEnqZkgcBeNKjTH0KoCH6CCB0O8/TqiiJWBzLEWSFYqQWP7Qt5QhmOnVbK6SPUiahG8Enfa2x2aC2tz9y6FnXvcU7TAVj6fbkCq/ACBpEr6u37xIElTwD77moufuJuAnfywT915/I1ldZnMc2e6TLEzu25M9pJ5/kOldkyQTg7H/D2v8C15sGZk3lQbJqgxXpDw839iw//AA9r/AK1SHb+EVuRNV2JyK0w2UT8VdGgKKweOyK/bbVZuMsdAdt+duKjW88xFqUxFvWp5ZR7gzB9hXRHtA1X4zK0fkUTGbw2dIwHk3HBN1GuWyxMgFjG+52EH5HaqzCeKGGNxF91LBnNleoVLcKI7TEmrXFeHQji4mzKZH8iPuCR9653mT38LjHUKz2Xu+b9JOkO0sAeDG+3xWOU1Zyx0HxNiLF7EYawRubTve6QrEeknkmUI/E1IwORotwPhHFgqNRIjTpUbkg7RH8657m+MRMZDNAazbCXOjDefbmfxpecZxft4C6Lb7XdFlmH1eWzAtB6TpjasyNdo3Xh39I9jEYoYRlOtmZbd9QBadlBMAElhIBgnn2mtsWrzz+jbCNczOyR9NrVfuHsFUhfuXZfz7V3PF5gttC7b9AAQJPaSQB8mujMqbcYU09YbMcdfxDlbx8u2JiwuwI6M07sffYdhUjDYy5YACvKiPSfUPgdvtTRrTSaqcNnqEftBp/iG4/qPzqztXVYSrBh3UzV0GRSTSjSTVBUVHQoi8oiKOhWVR79gEVms38PpcBkVrDTboDVMcT8QeB3BLW+e3SsZi8Besn1oR7jcV6Uv4UHpVJmWQ27gIKijOPP36wvlnuF/OIrov6IPEuu1+p3T6kXXYJ6pEsn25HtQzr9HKMSbXoPtx+FYjGZLjcuvpdRWPlsHS6oOnbkN26ioO1426RcZhwoO6tBUlFid45BPQx0NOPiFOoXACPT6hse4n8TzHsDUTKczs4vDJiUBllg6PrRttSz7EcdaklQZZYuLIYFCQwI6FZA/AqTsCKqmc3tD9WUSY8xTJ2O0ncEbccQPaK5H41tg4tmY+kKuw5J3/Cuq5m/9lXQZIvKGEQRIJIKwI2PEVyvxfbLYo9BpWSfk1EroH6FXHkX4ECbcD7PXQsZaW5ba20gMIkcg8gj3BAP2rnf6J7Zt2rynvbj3EPW4fERVWMfj7bIGRll1YAqI3hlMieQRBE9xVbaUKjRys6lGyKp3XWrExsY4PB2HS/z+8jEFgCI0vPBSZE/B3+59qgtZXZdXICgPJmZgC5yDt3PAqIVght6g0CIVJ9IkbgfUu37oJPOwqLnqibhE72gJPbTtz13qbh7ZGwRgQwYAxBGtSSHGwHsRJioWeFvMaRANtNtjDHYiaDkuEwqrcBnUxM9gP616S8OP/YrH/wW/wDCK87Zfgna4PbcDqY9q7/4ceMJZB5FlQfwqrF3qowajB6wGI/0jYxPrUuLt4Il+ySnqdtKB42iSBDA1jly6/jt4vHPJbO2OlBqMmhay9ETTMud3vNuzHvPA9hwBwKjOl1BJgrEnUQCp7a4AbcxwK1rnhd60CKqsZliMNwDU9saig6z5ekEt5nogDkydiPiqAeOMBqYNca2AQBcuKQrT2Ikj/mAojOeI/BXnkEMV0yABEQe/WqA+D7qqbZl0P7u4/lXXbF23dRblpluW2Eo6EMrDuCNjQOHHaqmMP4UyL9VUhE06iC55ZiOJJ7Sdvc96u/EGEt3cK9vER5Tf7TUdICiWkt0iJn2q+WyKq/FdyxbwjnEELZPouFpjS4KwY33mPvUvxYrsJatNZUKRdt6V0NPmAgAAMG6nYeqomKy/wDutH8L+oR21fUPk6qRkmCTD2Vt2GOgNqBeHlWbURIgdTB++9VeIxd5sXcSzqZtcET6QIEapkD8J9q5xqrFMvaJ5A5AltvsdvvT1h/K9UlTPTYsP/M+232qBj84tWNCvc13uW/V1OlBvuXLbnaIWevGwq4yaxauqL5bzgxJUtqjbvqEsfmtT2yucsxDXLQZxBJMfHQ1KpoXKUGraFUKKaKqL6ioUKy0FRcRjrSHS7gNEgbkn2Ecn2G9SZrKLh1sZncu3LjPbFg4nSZhXdmUR3gJc+JFS2/jfCcbvatDdxQVdV1Wsr/euaQBPEkEgfeKNgCJG4PBG4NKw+NS5b9ZUklV092MbfiY+3vUZ8kt7nDu+GfaQkFCdiJtmVI44g+9XWCLtmoGIwQPIqzs2MSJFxUcDh0OksImQh47cjiqzOs5sWPQ122t4jZbjhQD/EZ/Lk/nTUxUNkTW5bCsLJJllAlHP8S9/cUzaxZtt/aUa0REXUlk+C49QX2atPhbguIGG3cAzB+eooruHB6UGA8X+J/Kuon1WWMhkAbhQS227H1gQOx54rOZ7ft221sutyYQAatx2/Hmug5n4WtXAQFCzvAHpnvp/pBquw/g0htd1xdbptpAHYL0ozTfgNv2GtifMeNasumNMxHfmtJduDqQPkxTGHy7TTlrNLVu4bd5YWRruQWhOY24H9aW4shq/hQ43EiqnEZdeQegi4gIIR4DCOIaCGjkAjoN622Dy3CMQ9l5tvJFtG9E8mNpU+00jNsrYQcOsjfUrEmeODyOvfjpzU1cY3LsVbQaGm28bW7kqNhACSSIgDZSaypz83cQ1pwdYiDAAIA1RtxtxMzHTiugYq3bb0X0KE7BLqxJ42P0k/Bqlx/hJSdVo+Ww2DFdcDggH+s0SsU+JVLy2bQ9ZdBcYLqhNiZPweK6xlcLaRQdQVQJiJ+3SqHLPDyWiNRGs9WPqY+07mtDZw8VpIlebULNH1oAp9S3EuATE6WBI/CY9wKkm3UHFYU8jmjRpc9uW7mzySCfLfbhV0gcE7qdh/eNXmG8R25IuA2yJ+IADf4SNo6HeufZtl17Vqk+3t8VBXM76Arcl1Kld94kFZB+CamJ2w/+kHxal1jaQwVUNcHQE7ifYCCB1Le1YXL8vW+hxGJZvLG1q2pgmes9J/yqvzu8S2IZtna4o9tMKoI+3+dSsVfPkpbUwOPiep+BMe9EqaM7xWEW3awt9rakm4qWma4xZiN9H07xwQZ7Cun/AKP/ABPisT5lnG29F5FFy2+g2/Mt/S0jjUCV3ED1jYRvzDwdbVrr3yOvl2/ZRsSPnj7e9b6xioMqSp6FTBoR0EmoeY4VL1trdxQ6MN1YSD8g81l8w8YfqdtGxP7XWfRbQDzSvVtyBpHc81pspzC3ibCX7Jm3cXUs7EbkEEdCCCD7ijSsOSsgHlmVAAC/SQAIAHQ/lVPmOTK7ElntXOsCQT3ZDE8dxW5AqPiEVtmAI9/8j0rF4ta5djcN+qlr9+ycQFAW2FJFkQSdd5h6gN/pMA9+tLXFPfjEPcuWCPSg2SFHC2kGyr+XzvW8uZaZm20fwt/k3P8AOsv/AKu3XuE3RChjpQEERO0xzt04qyVnku8mx5uWgxMzO/cAwKtUuVAweC0AAVORK2h4NQpIFCqNFNETQmhWWjV0ms3n1kMGJIBNo2iSJBXciR1glv8AqNaW4tVOZ4LWIoMsM4tGFuEKyuTOqFkydUx0JIiO1WeXZhdt20VGDgQP2jamYIo0qzydRJcyTJNU2Z+Hp3AqkOHxFk+gkCZ2qsbjV+IfFTCym2kgC9dRG5CgFVQ7EqST0H0gx0pPhh8Pesg4hV8xuduB0A9qxefYxv1Y3m5VrdtlAiE1Tx1mR+dP4LN7dwAqwM9jB/H+tc7G5yb1ruHwbHRccjSD5CwVk8bt9P2/Piqd8yxgvreu2PLXeCrlwFMell07yAJMz7DplMfi3bEIhaQp81wTzH0Df7n71rsF4oQkC9CIAXuMw4tINTt+A/MVPa+muw1+3dXVbYOP4SDB7EdD7GjZK5FmXiJr179Zw9y5hG4tpYCgBNoV52fgTMiR8Rc5d4/v2h/a1S8v99B5VyO5A9LH2AWumsbG/ZKqM3NsQxB1jYMhgx2PQj5FWeWY63iLCXrU+XcXUuoQY4II7yCPtQxODDdKVWbyrMjbuM1sgfsmKqYHrn1bAeyVeN4nFtlW4r6QqLKBidbuEBPQgDcyDHO1Ueb5YQJQQehFZd8TibJhh5iDbqDp5iR03O1TE7Y63bxlq6ulwlyV1NxBEkCJ2MgAwSNjxVfnS2bFj9iAjQSG3GhFJ1MQdtt+e3tWCwmdWmI/daUMOSu6QP8AdOwnpv17DxTjmuLbtM/+0YBj0KW1Bj4nSal9NS6fGWYlx5wtpfQuHRmZzdMb6g3QzuDHatImfWEsl7zFGXZ1KnWT0hQN59thVflGf+WqowlQAoI32quvX7eKxotsNLMup3EzbQyAqk8EjtHMmZrM5WLZ/GlyfObeILKLdy06gNpvIUlSYkHgkbSAdpFWht1nLeQvYuq2EuNcM/7K67XBAG8Enbaak5b4twlxzbe6lq6DpKs0oT/BdICtW5dZsxaXsID0qlzDJVbpWlpFxAao4v4z8LAqWTZx7bN8/wBawbC6qBLoIAbY/lNejsbl6tyKzGc+GVcEBRv1ijPxy3wzmKIBbZgrBjzsCSTEH7/lWwwWJlgJ2JH/AJqrxngIqZT8xQwuAvWdmBIHaqlqgzrMnxGIe7c5LFVXoltdlUfAH4zXbP0eYU2csw6NsxRrpB2I812ugEfDiua5b4bsPiPMuFmTVrNggQWJmGbqs9I9prquDxciiyrxWpDrTNu7ToajRsrTZt1IIpMUDQt0emlmioExQo6FEXVCioVGgpLpNKoTQQ7uGBqtxeWqelXtIZKJjn2d5GGRlC7MpU/Fc8Hhu/ZaQdUEHqJjfiu8YnDA9KqcVlYPSiWOM55imtXxdUQjoFZTyrL0n4j8KiXPEZgpp1Iy6XBPI2MDYjpXR8+8LLdEFZgyD2Ncx8U5K+FuiQfLcehumocrPfr8H2NMRO/0xaC6k5jeRuD2NUmKxz3D7VCAmPmtX4Qy6wboa+NYBGm1+6T3fuPb8e1B1r9GYYZThg3MXPw864R+VakVT5fi5UQIEAADYAdhVnbeq0F6wDVTjspVulXc0TCoOeZl4YHKj8KzHivD3bdq1cGzWCVPYo20/Ow/nXYb+HBqhzbKFuKQRIPINExzbw/nZu3ApGkwTPwN6eyvMgbl1zs5usJXkKogCPtVnifCq221oNLAyCO9YvPMHds4hmRSA3qLDiTzt89+9ZxNbDHeI7q2HVHl7sWm5lbP1OB7t6VPtNZu8+03CB2URWWt4m4ra1YhpmQefnv96Vfxjv8AUZP+VWQvtpsD40xGFYeRcItgibTetCvX0nj5EGu9k15nybI7+LueVZUsSPU3Cop21M3Qc+5jaa9JK9VYUy0y9kGn5o6qq+5gwelQb+UoelXsUkpRMZ1cmUcCrHD4PSKneXS4oYYRIp0UcUKKOaImiojQA0U0RNETQHQpM0KIuqE0maE0aKmhNJmimgXNCaRNCaA2plkpyaSTURAxVmsp4jyxbqFHUOp/dYSJHB9j71trizUK/hQapXFf9UXV/SkDvJbb71q8j8P6Ikb1uVwQ7U/bwoHSjPVEy/DaRVkgoIkUsCjQ5o5pNCagM03ctTS5oE0FfisIDVBmOSq3StYwqJibe1EcJ8U+FL1m6WsqblpjICCWQnlSo3I7Eff3qLGVvsbgKD+6dmP26feu05pl+uazVzww2qeaM3SfCmN8tRbRAi9l6nuT1Pua3uEvkis9leTaY2rTYexFVYmI1Og0yi04KNFTQoqFADRUCaKgOioTRGgBpJozSaAUkmgTRE0AmhRUKC5mhNIoVAqaE0mhQKmhNIoVQqaKioqgOksKOkmqC00Io6I0AoUVCgE0U0RoVAc0JpNCqDNN3BS6KoIdyxSVwwqWRQqhtbIFLCUqioBFChRUBzQmioUANFQNFQCaE0VA0BE0RoURoCNEaBpJoDJoqI0KD//Z\"></div>\n    <div class=\"card__content\">\n      <div class=\"card__title\">\n        <h3>SENSORES</h3>\n      </div>\n      <div class=\"card__body\">\n        <p> </p>\n      </div>\n      <footer class=\"card__footer\">\n        <div class=\"to-center\">\n          <div class=\"card__button\"><a class=\"button small\" href=\"<?= rex_url::base(\'automatizacion-y-control\') ?>\">Ver más</a></div>\n        </div>\n      </footer>\n    </div>\n  </div>\n</div>\n<div class=\"sicme-item l-25 l-block\">\n  <div class=\"card\">\n    <div class=\"card__img\"><img src=\"<?= rex_url::base(\'\') ?>assets/images/sicme-lighting.jpg\"></div>\n    <div class=\"card__content\">\n      <div class=\"card__title\">\n        <h3>SICME LIGHTING</h3>\n      </div>\n      <div class=\"card__body\">\n        <p>Paneles de iluminación LED, ideales para oficinas y viviendas. Larga vida útil y óptimo ahorro de energía eléctrica.</p>\n      </div>\n      <footer class=\"card__footer\">\n        <div class=\"to-center\">\n          <div class=\"card__button\"></div><a class=\"button small\" href=\"<?= rex_url::base(\'luminarias-e-iluminacion\') ?>\">Ver más</a>\n        </div>\n      </footer>\n    </div>\n  </div>\n</div>','admin','admin','2018-06-09 17:30:32','2018-06-09 17:49:25','',0);
/*!40000 ALTER TABLE `rex_module` ENABLE KEYS */;
UNLOCK TABLES;

DROP TABLE IF EXISTS `rex_module_action`;
CREATE TABLE `rex_module_action` (
  `id` int(10) unsigned NOT NULL AUTO_INCREMENT,
  `module_id` int(10) unsigned NOT NULL,
  `action_id` int(10) unsigned NOT NULL,
  `revision` int(10) unsigned NOT NULL,
  PRIMARY KEY (`id`)
) ENGINE=InnoDB DEFAULT CHARSET=utf8;
DROP TABLE IF EXISTS `rex_redactor2_profiles`;
CREATE TABLE `rex_redactor2_profiles` (
  `id` int(10) unsigned NOT NULL AUTO_INCREMENT,
  `name` varchar(30) NOT NULL DEFAULT '',
  `description` varchar(255) NOT NULL DEFAULT '',
  `urltype` varchar(50) NOT NULL,
  `minheight` smallint(5) unsigned NOT NULL,
  `maxheight` smallint(5) unsigned NOT NULL,
  `characterlimit` smallint(5) unsigned NOT NULL,
  `toolbarfixed` tinyint(1) unsigned NOT NULL,
  `shortcuts` tinyint(1) unsigned NOT NULL,
  `linkify` tinyint(1) unsigned NOT NULL,
  `redactor_plugins` text NOT NULL,
  `redactor_customplugins` text NOT NULL,
  PRIMARY KEY (`id`)
) ENGINE=InnoDB AUTO_INCREMENT=3 DEFAULT CHARSET=utf8;

LOCK TABLES `rex_redactor2_profiles` WRITE;
/*!40000 ALTER TABLE `rex_redactor2_profiles` DISABLE KEYS */;
INSERT INTO `rex_redactor2_profiles` VALUES 
  (1,'full','Standard Redactor-Konfiguration','relative',300,800,0,0,0,1,'anchorlink,alignment,blockquote,bold,cleaner,clips[Snippetname1=Snippettext1|Snippetname2=Snippettext2],deleted,emaillink,externallink,fontcolor[Weiss=#ffffff|Schwarz=#000000],fontfamily[Arial|Times],fontsize[12px|15pt|120%],format[Absatz Klein=p.small|Absatz Mittel=p.middle|Absatz Gross=p.big],fullscreen,groupheading[1|2|3|4|5|6],grouplink[email|external|internal|media|telephone],grouplist[unorderedlist|orderedlist|indent|outdent],heading1,heading2,heading3,heading4,heading5,heading6,horizontalrule,internallink,italic,media,medialink,orderedlist,paragraph,properties,redo,source,styles[code=Code|kbd=Shortcut|mark=Markiert|samp=Sample|var=Variable],sub,sup,table,telephonelink,textdirection,underline,undo,unorderedlist',''),
  (2,'basic','Editor de texto basico, esencial','relative',300,800,0,0,0,0,'alignment,bold,cleaner,deleted,fullscreen,grouplink[email|external],grouplist[unorderedlist|orderedlist|indent|outdent],horizontalrule,italic,paragraph,properties,redo,source,underline,undo','');
/*!40000 ALTER TABLE `rex_redactor2_profiles` ENABLE KEYS */;
UNLOCK TABLES;

DROP TABLE IF EXISTS `rex_template`;
CREATE TABLE `rex_template` (
  `id` int(10) unsigned NOT NULL AUTO_INCREMENT,
  `name` varchar(255) DEFAULT NULL,
  `content` mediumtext,
  `active` tinyint(1) DEFAULT NULL,
  `createuser` varchar(255) NOT NULL,
  `updateuser` varchar(255) NOT NULL,
  `createdate` datetime NOT NULL,
  `updatedate` datetime NOT NULL,
  `attributes` text,
  `revision` int(11) NOT NULL,
  PRIMARY KEY (`id`)
) ENGINE=InnoDB AUTO_INCREMENT=10 DEFAULT CHARSET=utf8;

LOCK TABLES `rex_template` WRITE;
/*!40000 ALTER TABLE `rex_template` DISABLE KEYS */;
INSERT INTO `rex_template` VALUES 
  (1,'01.Inicio','REX_TEMPLATE[2] <?php //HEAD y HEADER?>\r\n      <div class=\"sicme-container\">\r\n        REX_TEMPLATE[7] <?php // MENU VERTICAL ASIDE?>\r\n        <main class=\"sicme-item l-75 l-block\">\r\n<div class=\"header-spacing\"></div>\r\n          REX_ARTICLE[9]\r\n          <div class=\"main-main sicme-item sicme-container\">            \r\n            REX_ARTICLE[]\r\n          </div>\r\n        </main>\r\n      </div>\r\nREX_TEMPLATE[9] <?php //CAROUSEL PRE-FOOTER?>\r\nREX_TEMPLATE[3] <?php //FOOTER y SCRIPTS?>',1,'admin','admin','2018-06-11 22:42:47','2018-06-11 22:42:47','{\"ctype\":[],\"modules\":{\"1\":{\"all\":\"1\"}},\"categories\":{\"all\":\"1\"}}',0),
  (2,'head','<!DOCTYPE html>\r\n<html lang=\"<?php echo rex_clang::getCurrent()->getCode(); ?>\" prefix=\"og: http://ogp.me/ns#\">\r\n  <head>\r\n    <meta charset=\"utf-8\">\r\n    <meta name=\"viewport\" content=\"initial-scale=1.0, width=device-width\">\r\n    <meta name=\"designer\" content=\"Fernando Javier Averanga Aruquipa / nandes.ingsistemas@gmail.com\">\r\n    <?php\r\n	// Use article title as title-Tag, unless a custom title-tag is set\r\n    if ($this->hasValue(\"art_title\") && $this->getValue(\"art_title\") != \"\") {\r\n		$title = htmlspecialchars($this->getValue(\'art_title\'));\r\n	} else {\r\n		$title = htmlspecialchars($this->getValue(\'name\'));\r\n	}\r\n\r\n	echo \'<title>\'.$title.\' | \' . rex::getServerName() . \' - Materiales eléctricos de alta y baja tensión</title>\';\r\n\r\n        echo \'<meta property=\"og:title\" content=\"\'.$title.\' | \' . rex::getServerName() . \' - Materiales eléctricos de alta y baja tensión\">\';\r\n\r\n	// Keywords and description\r\n	// If current article does not have keywords and description, take them from start article\r\n	$keywords = \"\";\r\n    if ($this->hasValue(\"art_keywords\") && $this->getValue(\"art_keywords\") != \"\") {\r\n        $keywords = $this->getValue(\"art_keywords\");\r\n    } else {\r\n        $home = new rex_article_content(rex_article::getSiteStartArticleId());\r\n        if ($home->hasValue(\"art_keywords\")) {\r\n            $keywords = $home->getValue(\'art_keywords\');\r\n        }\r\n    }\r\n\r\n    $description = \"Materiales eléctricos Domiciliarios e Industriales.\";\r\n    if ($this->hasValue(\"art_description\") && $this->getValue(\"art_description\") != \"\") {\r\n        $description = $this->getValue(\"art_description\");\r\n    } else {\r\n        $home = new rex_article_content(rex_article::getSiteStartArticleId());\r\n        if ($home->hasValue(\"art_description\")) {\r\n            $description = $home->getValue(\'art_description\');\r\n        }\r\n    }\r\n\r\n	echo \'\r\n	<meta name=\"keywords\" content=\"\'.htmlspecialchars($keywords).\'\">\';\r\n\r\n	echo \'\r\n	<meta name=\"description\" content=\"\'.htmlspecialchars($description).\'\">\';\r\n\r\n        echo \'\r\n	<meta property=\"og:description\" content=\"\'.htmlspecialchars($description).\'\">\';\r\n	?>\r\n<link rel=\"stylesheet\" href=\"https://fonts.googleapis.com/css?family=Lato:400,400i,700|Open+Sans:700|Yanone+Kaffeesatz:400,700\">\r\n    <link rel=\"stylesheet\" href=\"<?= rex_url::base(\'assets/css/styles.css?v=1.0.9\') ?>\">\r\n  </head>\r\n  <body class=\"Inicio\">\r\n    <div id=\"sicme\">\r\n      <header class=\"main-header sicme-container\">\r\n        <div class=\"sicme-item l-50 s-75 main-center main-isologo__content\"><a class=\"main-isologo\" href=\"<?= rex_url::base(\'\') ?>\"><img src=\"<?= rex_url::base(\'\') ?>assets/images/neon-isologo.png\" alt=\"Neon\" id=\"neon\"><img src=\"<?= rex_url::base(\'\') ?>assets/images/S.png\" alt=\"\" id=\"S\"><img src=\"<?= rex_url::base(\'\') ?>assets/images/I.png\" alt=\"\" id=\"I\"><img src=\"<?= rex_url::base(\'\') ?>assets/images/C.png\" alt=\"\" id=\"C\"><img src=\"<?= rex_url::base(\'\') ?>assets/images/M.png\" alt=\"\" id=\"M\"><img src=\"<?= rex_url::base(\'\') ?>assets/images/E.png\" alt=\"\" id=\"E\"><img src=\"<?= rex_url::base(\'\') ?>assets/images/electrik.png\" alt=\"\" id=\"electrik\"><img src=\"<?= rex_url::base(\'\') ?>assets/images/blue.png\" alt=\"\" id=\"blue\"><img src=\"<?= rex_url::base(\'\') ?>assets/images/silver.png\" alt=\"\" id=\"silver\"><img src=\"<?= rex_url::base(\'\') ?>assets/images/orange.png\" alt=\"\" id=\"orange\"></a></div>\r\n        <div class=\"vertical-menu-toggle to-l\" id=\"vertical-menu-toggle\" data-content=\"\"><i class=\"icon-bars t1 button--circle\"></i></div>\r\n        <nav class=\"main-menu sicme-item l-50 main-end\" id=\"main-menu\">\r\n          <ul>\r\n            <li v-for=\"item in menuinicio\"><a class=\"center\" :href=\"\'<?= rex_url::base(\'\') ?>\' + item.href\" :id=\"item.id\"><i class=\"button--circle t3\" :class=\"item.icon\"></i><span class=\"main-menu--inicio__text\" v-text=\"\' \' + item.title\"></span></a></li>\r\n          </ul>\r\n        </nav>\r\n      </header>',0,'admin','admin','2018-06-05 22:33:32','2018-06-12 16:02:02','{\"ctype\":[],\"modules\":{\"1\":{\"all\":\"1\"}},\"categories\":{\"all\":\"1\"}}',0),
  (3,'footer','      <footer class=\"main-footer\">\r\n        <div class=\"sicme-container\">\r\n          <div class=\"sicme-item l-50\">\r\n            <div class=\"main-footer__content\">\r\n              <h2 class=\"center\">PRODUCTOS EN GENERAL</h2>\r\n            </div>\r\n            <hr>\r\n            <div class=\"main-footer__content\">\r\n              <ul class=\"feature-list sicme-container\">\r\n                REX_ARTICLE[14]\r\n              </ul>\r\n            </div>\r\n          </div>\r\n          <div class=\"sicme-item l-50\">\r\n            <div class=\"main-footer__content\">\r\n              <h2 class=\"center\">SICME - COCHABAMBA, BOLIVIA</h2>\r\n            </div>\r\n            <hr>\r\n            <div class=\"main-footer__content social\">\r\n              <p>Calle General Achá No. 845 entre calle Avaróa y Av. Juana Azurduy de Padilla <a class=\"button--ghost button--small\" href=\"<?= rex_url::base(\'contactos\') ?>\">>> VER MAPA</a><br>Tel: (+591-4) 4582880 | Fax: 4582881<br>Cel: <a href=\"https://api.whatsapp.com/send?phone=59176902100\" target=\"_blank\"><i class=\"icon-whatsapp\"></i><span class=\"t1\">76902100</a></span>&nbsp;&nbsp;<br>E-mail: info@sicme.com.bo</p>\r\n            </div>\r\n          </div>\r\n        </div>\r\n      </footer>\r\n      <footer class=\"main-footer__bar\">\r\n        <div class=\"sicme-container\">\r\n          <div class=\"sicme-item l-35 cross-center main-center\">\r\n            <div class=\"main-footer__content\">\r\n              <p class=\"center\">SICME ELECTRIK <span id=\"currentDate\"></span>,© Todos los derechos reservados. </p>\r\n            </div>\r\n          </div>\r\n          <div class=\"sicme-item l-30 cross-center main-center\">\r\n            <div class=\"main-footer__content\">\r\n              <ul class=\"social\">\r\n                <li><a class=\"icon-whatsapp\" href=\"https://api.whatsapp.com/send?phone=59176902100\" target=\"_blank\"></a></li>\r\n                <li><a class=\"icon-facebook\" href=\"https://www.facebook.com/Sicmecochabamba/\" target=\"_blank\"></a></li>\r\n                <li><a class=\"icon-youtube\" href=\"https://www.youtube.com/watch?v=DW_TJvKvA3M\" target=\"_blank\"></a></li>\r\n              </ul>\r\n            </div>\r\n          </div>\r\n          <div class=\"sicme-item l-35 cross-center main-center\">\r\n            <div class=\"main-footer__content\">\r\n              <p><a class=\"ah\" href=\"//ahpublic.com\" target=\"_blank\">Diseño y Programación: AH! PUBLICIDAD</a></p>\r\n            </div>\r\n          </div>\r\n        </div>\r\n      </footer>\r\n    </div>\r\n    <script src=\"<?= rex_url::base(\'assets/js/modernizr.js\') ?>\"></script>\r\n    <script src=\"https://maps.googleapis.com/maps/api/js?key=AIzaSyBVgN4xbr99PE1aTo68bjPcHpBtG7EjQEI\"></script>\r\n    <script src=\"<?= rex_url::base(\'assets/js/script.js?v=1.0.0\') ?>\"></script>\r\n  </body>\r\n</html>',0,'admin','admin','2018-06-07 23:37:32','2018-06-09 17:27:14','{\"ctype\":[],\"modules\":{\"1\":{\"all\":\"1\"}},\"categories\":{\"all\":\"1\"}}',0),
  (5,'02.Paginas','REX_TEMPLATE[2] <?php //HEAD y HEADER?>\r\n      <div class=\"sicme-container\">\r\n        REX_TEMPLATE[7] <?php // MENU VERTICAL ASIDE?>\r\n        <main class=\"sicme-item l-75 l-block\">\r\n          <div class=\"header-spacing\"></div>\r\n          <div class=\"main-main sicme-item sicme-container\" id=\"gallery\">\r\n            <h2 class=\"main-main__title center sicme-item l-block\"><?php echo rex_article::getCurrent()->getName() ?></h2>\r\n            REX_ARTICLE[]\r\n          </div>\r\n        </main>\r\n      </div>\r\nREX_TEMPLATE[9] <?php //CAROUSEL PRE-FOOTER?>\r\nREX_TEMPLATE[3] <?php //FOOTER y SCRIPTS?>',1,'admin','admin','2018-06-14 18:49:35','2018-06-14 18:49:35','{\"ctype\":[],\"modules\":{\"1\":{\"0\":\"4\",\"1\":\"8\",\"2\":\"3\",\"3\":\"9\",\"all\":0}},\"categories\":{\"all\":\"1\"}}',0),
  (6,'Complementos','REX_TEMPLATE[2] <?php //HEAD y HEADER?>\r\n      <div class=\"sicme-container\">\r\n        REX_TEMPLATE[7] <?php // MENU VERTICAL ASIDE?>\r\n        <main class=\"sicme-item l-75 l-block\">\r\n<div class=\"header-spacing\"></div>\r\n          REX_ARTICLE[9]\r\n          <div class=\"main-main sicme-item sicme-container\">            \r\n            REX_ARTICLE[1]\r\n          </div>\r\n        </main>\r\n      </div>\r\nREX_TEMPLATE[9] <?php //CAROUSEL PRE-FOOTER?>\r\nREX_TEMPLATE[3] <?php //FOOTER y SCRIPTS?>',1,'admin','admin','2018-06-11 22:43:10','2018-06-11 22:43:10','{\"ctype\":[],\"modules\":{\"1\":{\"all\":\"1\"}},\"categories\":{\"all\":\"1\"}}',0),
  (7,'aside','<aside class=\"sicme-item l-25 main-sidebar sidebar-first\">          \r\n          <div class=\"vertical-menu-toggle to-l\" id=\"vertical-menu-toggle\" data-content=\"Filtros\"></div>\r\n          <nav class=\"vertical-menu\" id=\"vertical-menu\">\r\n            <ul class=\"to-l vertical-menu__inicio\">\r\n              <li class=\"center\" v-for=\"item in menuinicio\"><a class=\"center\" :href=\"\'<?= rex_url::base(\'\') ?>\' + item.href\" :id=\"item.id\"><i class=\"button--circle t3\" :class=\"item.icon\"></i><span class=\"main-menu--inicio__text\" v-text=\"\' \' + item.title\"></span></a></li>\r\n            </ul>\r\n            <ul class=\"vertical-menu__menu\">\r\n              REX_ARTICLE[10]\r\n            </ul>\r\n          </nav>\r\n        </aside>',0,'admin','admin','2018-06-05 21:30:44','2018-06-12 16:44:19','{\"ctype\":[],\"modules\":{\"1\":{\"all\":\"1\"}},\"categories\":{\"all\":\"1\"}}',0),
  (8,'03.Pagina-Estatica','REX_TEMPLATE[2] <?php //HEAD y HEADER?>\r\n      <div class=\"sicme-container\">\r\n        REX_TEMPLATE[7] <?php // MENU VERTICAL ASIDE?>\r\n        <main class=\"sicme-item l-75 l-block\">\r\n<div class=\"header-spacing\"></div>\r\n          <div class=\"main-main sicme-item sicme-container\">            \r\n            REX_ARTICLE[]\r\n          </div>\r\n        </main>\r\n      </div>\r\nREX_TEMPLATE[9] <?php //CAROUSEL PRE-FOOTER?>\r\nREX_TEMPLATE[3] <?php //FOOTER y SCRIPTS?>',1,'admin','admin','2018-06-11 22:43:02','2018-06-11 22:43:02','{\"ctype\":[],\"modules\":{\"1\":{\"all\":\"1\"}},\"categories\":{\"all\":\"1\"}}',0),
  (9,'A.Nuestros-proveedores','<div class=\"carousel l-block\">\r\n  <div>\r\n    <h2 class=\"l-block t1 main-main__title\">NUESTROS PROVEEDORES: </h2>\r\n  </div>\r\n  <div class=\"carousel-slider\">\r\n   REX_ARTICLE[2]\r\n  </div>\r\n</div>',0,'admin','','2018-06-11 22:42:35','0000-00-00 00:00:00','{\"ctype\":[],\"modules\":{\"1\":{\"all\":\"1\"}},\"categories\":{\"all\":\"1\"}}',0);
/*!40000 ALTER TABLE `rex_template` ENABLE KEYS */;
UNLOCK TABLES;

DROP TABLE IF EXISTS `rex_user_role`;
CREATE TABLE `rex_user_role` (
  `id` int(10) unsigned NOT NULL AUTO_INCREMENT,
  `name` varchar(255) DEFAULT NULL,
  `description` text,
  `perms` text NOT NULL,
  `createuser` varchar(255) NOT NULL,
  `updateuser` varchar(255) NOT NULL,
  `createdate` datetime NOT NULL,
  `updatedate` datetime NOT NULL,
  `revision` int(10) unsigned NOT NULL,
  PRIMARY KEY (`id`)
) ENGINE=InnoDB AUTO_INCREMENT=2 DEFAULT CHARSET=utf8;

LOCK TABLES `rex_user_role` WRITE;
/*!40000 ALTER TABLE `rex_user_role` DISABLE KEYS */;
INSERT INTO `rex_user_role` VALUES 
  (1,'Administracion','Admin para personal Sicme','{\"general\":\"|quick_navigation[history]|quick_navigation[own_articles]|quick_navigation[]|media_manager[]|multiupload[]|\",\"options\":\"|moveSlice[]|publishCategory[]|copyContent[]|copyArticle[]|publishArticle[]|\",\"extras\":null,\"clang\":\"|1|\",\"media\":\"all\",\"structure\":\"all\",\"modules\":\"all\",\"yform_manager_table\":\"all\"}','admin','admin','2018-06-11 18:56:26','2018-06-11 21:54:58',0);
/*!40000 ALTER TABLE `rex_user_role` ENABLE KEYS */;
UNLOCK TABLES;

DROP TABLE IF EXISTS `rex_yform_email_template`;
CREATE TABLE `rex_yform_email_template` (
  `id` int(10) unsigned NOT NULL AUTO_INCREMENT,
  `name` varchar(255) NOT NULL,
  `mail_from` varchar(255) NOT NULL,
  `mail_from_name` varchar(255) NOT NULL,
  `subject` varchar(255) NOT NULL,
  `body` text NOT NULL,
  `body_html` text NOT NULL,
  `attachments` text NOT NULL,
  PRIMARY KEY (`id`)
) ENGINE=InnoDB DEFAULT CHARSET=utf8;
DROP TABLE IF EXISTS `rex_yform_field`;
CREATE TABLE `rex_yform_field` (
  `id` int(10) unsigned NOT NULL AUTO_INCREMENT,
  `table_name` varchar(100) NOT NULL,
  `prio` int(11) NOT NULL,
  `type_id` varchar(100) NOT NULL,
  `type_name` varchar(100) NOT NULL,
  `list_hidden` tinyint(1) NOT NULL,
  `search` tinyint(1) NOT NULL,
  `name` text NOT NULL,
  `label` text NOT NULL,
  `not_required` text NOT NULL,
  PRIMARY KEY (`id`)
) ENGINE=InnoDB DEFAULT CHARSET=utf8;
DROP TABLE IF EXISTS `rex_yform_history`;
CREATE TABLE `rex_yform_history` (
  `id` int(10) unsigned NOT NULL AUTO_INCREMENT,
  `table_name` varchar(255) NOT NULL,
  `dataset_id` int(11) NOT NULL,
  `action` varchar(255) NOT NULL,
  `user` varchar(255) NOT NULL,
  `timestamp` datetime NOT NULL,
  PRIMARY KEY (`id`),
  KEY `dataset` (`table_name`,`dataset_id`)
) ENGINE=InnoDB DEFAULT CHARSET=utf8;
DROP TABLE IF EXISTS `rex_yform_history_field`;
CREATE TABLE `rex_yform_history_field` (
  `history_id` int(11) NOT NULL,
  `field` varchar(255) NOT NULL,
  `value` longtext NOT NULL,
  PRIMARY KEY (`history_id`,`field`)
) ENGINE=InnoDB DEFAULT CHARSET=utf8;
DROP TABLE IF EXISTS `rex_yform_table`;
CREATE TABLE `rex_yform_table` (
  `id` int(10) unsigned NOT NULL AUTO_INCREMENT,
  `status` tinyint(1) NOT NULL,
  `table_name` varchar(100) NOT NULL,
  `name` varchar(100) NOT NULL,
  `description` text NOT NULL,
  `list_amount` tinyint(3) unsigned NOT NULL DEFAULT '50',
  `list_sortfield` varchar(255) NOT NULL DEFAULT 'id',
  `list_sortorder` enum('ASC','DESC') NOT NULL DEFAULT 'ASC',
  `prio` int(11) NOT NULL,
  `search` tinyint(1) NOT NULL,
  `hidden` tinyint(1) NOT NULL,
  `export` tinyint(1) NOT NULL,
  `import` tinyint(1) NOT NULL,
  `mass_deletion` tinyint(1) NOT NULL,
  `mass_edit` tinyint(1) NOT NULL,
  `history` tinyint(1) NOT NULL,
  PRIMARY KEY (`id`),
  UNIQUE KEY `table_name` (`table_name`)
) ENGINE=InnoDB DEFAULT CHARSET=utf8;
DROP TABLE IF EXISTS `rex_yrewrite_alias`;
CREATE TABLE `rex_yrewrite_alias` (
  `id` int(11) NOT NULL AUTO_INCREMENT,
  `alias_domain` varchar(255) NOT NULL,
  `domain_id` int(11) NOT NULL,
  `clang_start` int(11) NOT NULL,
  PRIMARY KEY (`id`)
) ENGINE=InnoDB DEFAULT CHARSET=utf8;
DROP TABLE IF EXISTS `rex_yrewrite_domain`;
CREATE TABLE `rex_yrewrite_domain` (
  `id` int(11) NOT NULL AUTO_INCREMENT,
  `domain` varchar(255) NOT NULL,
  `mount_id` int(11) NOT NULL,
  `start_id` int(11) NOT NULL,
  `notfound_id` int(11) NOT NULL,
  `clangs` varchar(255) NOT NULL,
  `clang_start` int(11) NOT NULL,
  `clang_start_hidden` tinyint(1) NOT NULL,
  `robots` text NOT NULL,
  `title_scheme` varchar(255) NOT NULL,
  `description` varchar(255) NOT NULL,
  PRIMARY KEY (`id`)
) ENGINE=InnoDB DEFAULT CHARSET=utf8;
DROP TABLE IF EXISTS `rex_yrewrite_forward`;
CREATE TABLE `rex_yrewrite_forward` (
  `id` int(11) NOT NULL AUTO_INCREMENT,
  `domain_id` int(11) NOT NULL,
  `status` int(11) NOT NULL,
  `url` varchar(255) NOT NULL,
  `type` varchar(255) NOT NULL,
  `article_id` int(11) NOT NULL,
  `clang` int(11) NOT NULL,
  `extern` varchar(255) NOT NULL,
  `media` varchar(255) NOT NULL,
  `movetype` varchar(255) NOT NULL,
  PRIMARY KEY (`id`)
) ENGINE=InnoDB DEFAULT CHARSET=utf8;
SET FOREIGN_KEY_CHECKS = 1;
